--------------------------------------------------------
-- Archivo creado  - lunes-agosto-26-2019   
--------------------------------------------------------
--------------------------------------------------------
--  DDL for Table ACTIVIDAD_ESTUDIANTE
--------------------------------------------------------

  CREATE TABLE "HOMESCHOOL"."ACTIVIDAD_ESTUDIANTE" 
   (	"REL_ACT_ID" NUMBER(10,0), 
	"EST_ID" NUMBER(15,0), 
	"ACT_EVA_ID" NUMBER(15,0), 
	"TEM_ID" NUMBER(30,0), 
	"MAT_ID" NUMBER(30,0), 
	"REL_ACT_NOTA" NUMBER
   ) SEGMENT CREATION IMMEDIATE 
  PCTFREE 10 PCTUSED 40 INITRANS 1 MAXTRANS 255 NOCOMPRESS LOGGING
  STORAGE(INITIAL 65536 NEXT 1048576 MINEXTENTS 1 MAXEXTENTS 2147483645
  PCTINCREASE 0 FREELISTS 1 FREELIST GROUPS 1 BUFFER_POOL DEFAULT FLASH_CACHE DEFAULT CELL_FLASH_CACHE DEFAULT)
  TABLESPACE "SYSTEM" ;
--------------------------------------------------------
--  DDL for Table ACTIVIDAD_EVALUATIVA
--------------------------------------------------------

  CREATE TABLE "HOMESCHOOL"."ACTIVIDAD_EVALUATIVA" 
   (	"ACT_EVA_ID" NUMBER(15,0), 
	"TEM_ID" NUMBER(30,0), 
	"MAT_ID" NUMBER(30,0), 
	"ACT_EVA_NOMBRE" VARCHAR2(50 BYTE), 
	"ACT_EVA_FECHA_INICIO" DATE, 
	"ACT_EVA_FECHA_FIN" DATE, 
	"ACT_EVA_OBSERVACION" VARCHAR2(200 BYTE), 
	"ACT_EVA_FOTO" VARCHAR2(100 BYTE)
   ) SEGMENT CREATION IMMEDIATE 
  PCTFREE 10 PCTUSED 40 INITRANS 1 MAXTRANS 255 NOCOMPRESS LOGGING
  STORAGE(INITIAL 65536 NEXT 1048576 MINEXTENTS 1 MAXEXTENTS 2147483645
  PCTINCREASE 0 FREELISTS 1 FREELIST GROUPS 1 BUFFER_POOL DEFAULT FLASH_CACHE DEFAULT CELL_FLASH_CACHE DEFAULT)
  TABLESPACE "SYSTEM" ;
--------------------------------------------------------
--  DDL for Table ACUDIENTE
--------------------------------------------------------

  CREATE TABLE "HOMESCHOOL"."ACUDIENTE" 
   (	"ACU_TIPO_IDENTIFICACION" VARCHAR2(30 BYTE), 
	"ACU_NUMERO_IDENTIFICACION" NUMBER(15,0), 
	"ACU_NOMBRE_COMPLETO" VARCHAR2(50 BYTE), 
	"ACU_EMAIL" VARCHAR2(40 BYTE), 
	"ACU_TELEFONO" VARCHAR2(20 BYTE)
   ) SEGMENT CREATION IMMEDIATE 
  PCTFREE 10 PCTUSED 40 INITRANS 1 MAXTRANS 255 NOCOMPRESS LOGGING
  STORAGE(INITIAL 65536 NEXT 1048576 MINEXTENTS 1 MAXEXTENTS 2147483645
  PCTINCREASE 0 FREELISTS 1 FREELIST GROUPS 1 BUFFER_POOL DEFAULT FLASH_CACHE DEFAULT CELL_FLASH_CACHE DEFAULT)
  TABLESPACE "SYSTEM" ;
--------------------------------------------------------
--  DDL for Table CENTRO_EDUCATIVO
--------------------------------------------------------

  CREATE TABLE "HOMESCHOOL"."CENTRO_EDUCATIVO" 
   (	"CEN_EDU_NIT" VARCHAR2(30 BYTE), 
	"CEN_EDU_NOMBRE" VARCHAR2(50 BYTE), 
	"CEN_EDU_CIUDAD" VARCHAR2(30 BYTE), 
	"CEN_EDU_TELEFONO" VARCHAR2(20 BYTE), 
	"CEN_EDU_DIRECCION" VARCHAR2(50 BYTE)
   ) SEGMENT CREATION IMMEDIATE 
  PCTFREE 10 PCTUSED 40 INITRANS 1 MAXTRANS 255 NOCOMPRESS LOGGING
  STORAGE(INITIAL 65536 NEXT 1048576 MINEXTENTS 1 MAXEXTENTS 2147483645
  PCTINCREASE 0 FREELISTS 1 FREELIST GROUPS 1 BUFFER_POOL DEFAULT FLASH_CACHE DEFAULT CELL_FLASH_CACHE DEFAULT)
  TABLESPACE "SYSTEM" ;
--------------------------------------------------------
--  DDL for Table ESTUDIANTE
--------------------------------------------------------

  CREATE TABLE "HOMESCHOOL"."ESTUDIANTE" 
   (	"EST_ID" NUMBER(15,0), 
	"ACU_NUMERO_IDENTIFICACION" NUMBER(15,0), 
	"GRA_ID" NUMBER(20,0)
   ) SEGMENT CREATION IMMEDIATE 
  PCTFREE 10 PCTUSED 40 INITRANS 1 MAXTRANS 255 NOCOMPRESS LOGGING
  STORAGE(INITIAL 65536 NEXT 1048576 MINEXTENTS 1 MAXEXTENTS 2147483645
  PCTINCREASE 0 FREELISTS 1 FREELIST GROUPS 1 BUFFER_POOL DEFAULT FLASH_CACHE DEFAULT CELL_FLASH_CACHE DEFAULT)
  TABLESPACE "SYSTEM" ;
--------------------------------------------------------
--  DDL for Table GRADO
--------------------------------------------------------

  CREATE TABLE "HOMESCHOOL"."GRADO" 
   (	"GRA_ID" NUMBER(20,0), 
	"GRA_NOMBRE" VARCHAR2(30 BYTE)
   ) SEGMENT CREATION IMMEDIATE 
  PCTFREE 10 PCTUSED 40 INITRANS 1 MAXTRANS 255 NOCOMPRESS LOGGING
  STORAGE(INITIAL 65536 NEXT 1048576 MINEXTENTS 1 MAXEXTENTS 2147483645
  PCTINCREASE 0 FREELISTS 1 FREELIST GROUPS 1 BUFFER_POOL DEFAULT FLASH_CACHE DEFAULT CELL_FLASH_CACHE DEFAULT)
  TABLESPACE "SYSTEM" ;
--------------------------------------------------------
--  DDL for Table LOG_USUARIO
--------------------------------------------------------

  CREATE TABLE "HOMESCHOOL"."LOG_USUARIO" 
   (	"LOG_ID" NUMBER(10,0), 
	"LOG_TIPO_DOCUMENTO" VARCHAR2(10 BYTE), 
	"LOG_NUMERO_DOCUMENTO" NUMBER(15,0), 
	"LOG_FECHA_INICIO" DATE, 
	"LOG_FECHA_FIN" DATE, 
	"USU_ID" NUMBER(15,0)
   ) SEGMENT CREATION IMMEDIATE 
  PCTFREE 10 PCTUSED 40 INITRANS 1 MAXTRANS 255 NOCOMPRESS LOGGING
  STORAGE(INITIAL 65536 NEXT 1048576 MINEXTENTS 1 MAXEXTENTS 2147483645
  PCTINCREASE 0 FREELISTS 1 FREELIST GROUPS 1 BUFFER_POOL DEFAULT FLASH_CACHE DEFAULT CELL_FLASH_CACHE DEFAULT)
  TABLESPACE "SYSTEM" ;
--------------------------------------------------------
--  DDL for Table MATERIA
--------------------------------------------------------

  CREATE TABLE "HOMESCHOOL"."MATERIA" 
   (	"MAT_ID" NUMBER(30,0), 
	"MAT_NOMBRE" VARCHAR2(30 BYTE), 
	"GRA_ID" NUMBER(20,0), 
	"PROF_ID" NUMBER(15,0)
   ) SEGMENT CREATION IMMEDIATE 
  PCTFREE 10 PCTUSED 40 INITRANS 1 MAXTRANS 255 NOCOMPRESS LOGGING
  STORAGE(INITIAL 65536 NEXT 1048576 MINEXTENTS 1 MAXEXTENTS 2147483645
  PCTINCREASE 0 FREELISTS 1 FREELIST GROUPS 1 BUFFER_POOL DEFAULT FLASH_CACHE DEFAULT CELL_FLASH_CACHE DEFAULT)
  TABLESPACE "SYSTEM" ;
--------------------------------------------------------
--  DDL for Table MATRICULA
--------------------------------------------------------

  CREATE TABLE "HOMESCHOOL"."MATRICULA" 
   (	"MATRI_ID" NUMBER(10,0), 
	"EST_ID" NUMBER(15,0), 
	"MAT_ID" NUMBER(30,0), 
	"MATRI_FECHA_INICIO" DATE, 
	"MATRI_FECHA_FIN" DATE, 
	"MATRI_ESTADO" VARCHAR2(30 BYTE), 
	"MATRI_NOT_FINAL" NUMBER
   ) SEGMENT CREATION IMMEDIATE 
  PCTFREE 10 PCTUSED 40 INITRANS 1 MAXTRANS 255 NOCOMPRESS LOGGING
  STORAGE(INITIAL 65536 NEXT 1048576 MINEXTENTS 1 MAXEXTENTS 2147483645
  PCTINCREASE 0 FREELISTS 1 FREELIST GROUPS 1 BUFFER_POOL DEFAULT FLASH_CACHE DEFAULT CELL_FLASH_CACHE DEFAULT)
  TABLESPACE "SYSTEM" ;
--------------------------------------------------------
--  DDL for Table PROFESOR
--------------------------------------------------------

  CREATE TABLE "HOMESCHOOL"."PROFESOR" 
   (	"PROF_ID" NUMBER(15,0), 
	"PROF_TITULO" VARCHAR2(50 BYTE), 
	"PROF_EXPERIENCIA_LABORAL" CLOB
   ) SEGMENT CREATION IMMEDIATE 
  PCTFREE 10 PCTUSED 40 INITRANS 1 MAXTRANS 255 NOCOMPRESS LOGGING
  STORAGE(INITIAL 65536 NEXT 1048576 MINEXTENTS 1 MAXEXTENTS 2147483645
  PCTINCREASE 0 FREELISTS 1 FREELIST GROUPS 1 BUFFER_POOL DEFAULT FLASH_CACHE DEFAULT CELL_FLASH_CACHE DEFAULT)
  TABLESPACE "SYSTEM" 
 LOB ("PROF_EXPERIENCIA_LABORAL") STORE AS BASICFILE (
  TABLESPACE "SYSTEM" ENABLE STORAGE IN ROW CHUNK 8192 RETENTION 
  NOCACHE LOGGING 
  STORAGE(INITIAL 65536 NEXT 1048576 MINEXTENTS 1 MAXEXTENTS 2147483645
  PCTINCREASE 0 FREELISTS 1 FREELIST GROUPS 1 BUFFER_POOL DEFAULT FLASH_CACHE DEFAULT CELL_FLASH_CACHE DEFAULT)) ;
--------------------------------------------------------
--  DDL for Table TEMA_ESTUDIANTE
--------------------------------------------------------

  CREATE TABLE "HOMESCHOOL"."TEMA_ESTUDIANTE" 
   (	"REL_TEMA_ID" NUMBER(10,0), 
	"EST_ID" NUMBER(15,0), 
	"TEM_ID" NUMBER(30,0), 
	"MAT_ID" NUMBER(30,0), 
	"REL_TEM_NOTA" NUMBER(2,0)
   ) SEGMENT CREATION IMMEDIATE 
  PCTFREE 10 PCTUSED 40 INITRANS 1 MAXTRANS 255 NOCOMPRESS LOGGING
  STORAGE(INITIAL 65536 NEXT 1048576 MINEXTENTS 1 MAXEXTENTS 2147483645
  PCTINCREASE 0 FREELISTS 1 FREELIST GROUPS 1 BUFFER_POOL DEFAULT FLASH_CACHE DEFAULT CELL_FLASH_CACHE DEFAULT)
  TABLESPACE "SYSTEM" ;
--------------------------------------------------------
--  DDL for Table TEMAS
--------------------------------------------------------

  CREATE TABLE "HOMESCHOOL"."TEMAS" 
   (	"TEM_ID" NUMBER(30,0), 
	"MAT_ID" NUMBER(30,0), 
	"TEM_NOMBRE" VARCHAR2(30 BYTE), 
	"TEM_DESCRIPCION" VARCHAR2(500 BYTE), 
	"TEM_FOTO" VARCHAR2(50 BYTE), 
	"TEM_MATERIAL_ARCHIVO" VARCHAR2(100 BYTE), 
	"TEM_MATERIAL_VIDEO" VARCHAR2(100 BYTE)
   ) SEGMENT CREATION IMMEDIATE 
  PCTFREE 10 PCTUSED 40 INITRANS 1 MAXTRANS 255 NOCOMPRESS LOGGING
  STORAGE(INITIAL 65536 NEXT 1048576 MINEXTENTS 1 MAXEXTENTS 2147483645
  PCTINCREASE 0 FREELISTS 1 FREELIST GROUPS 1 BUFFER_POOL DEFAULT FLASH_CACHE DEFAULT CELL_FLASH_CACHE DEFAULT)
  TABLESPACE "SYSTEM" ;
--------------------------------------------------------
--  DDL for Table USUARIO
--------------------------------------------------------

  CREATE TABLE "HOMESCHOOL"."USUARIO" 
   (	"USU_ID" NUMBER(15,0), 
	"CEN_EDU_NIT" VARCHAR2(30 BYTE), 
	"USU_TIPO_DOCUMENTO" VARCHAR2(30 BYTE), 
	"USU_NOMBRES" VARCHAR2(30 BYTE), 
	"USU_APELLIDOS" VARCHAR2(30 BYTE), 
	"USU_TIPO_USUARIO" VARCHAR2(30 BYTE), 
	"USU_CONTRASENIA" VARCHAR2(30 BYTE), 
	"USU_ESTADO" VARCHAR2(30 BYTE), 
	"USU_EMAIL" VARCHAR2(40 BYTE), 
	"USU_TELEFONO" VARCHAR2(20 BYTE), 
	"USU_FOTO" VARCHAR2(60 BYTE)
   ) SEGMENT CREATION IMMEDIATE 
  PCTFREE 10 PCTUSED 40 INITRANS 1 MAXTRANS 255 NOCOMPRESS LOGGING
  STORAGE(INITIAL 65536 NEXT 1048576 MINEXTENTS 1 MAXEXTENTS 2147483645
  PCTINCREASE 0 FREELISTS 1 FREELIST GROUPS 1 BUFFER_POOL DEFAULT FLASH_CACHE DEFAULT CELL_FLASH_CACHE DEFAULT)
  TABLESPACE "SYSTEM" ;
REM INSERTING into HOMESCHOOL.ACTIVIDAD_ESTUDIANTE
SET DEFINE OFF;
Insert into HOMESCHOOL.ACTIVIDAD_ESTUDIANTE (REL_ACT_ID,EST_ID,ACT_EVA_ID,TEM_ID,MAT_ID,REL_ACT_NOTA) values ('99941','1061774','54545','11334','1403','5');
Insert into HOMESCHOOL.ACTIVIDAD_ESTUDIANTE (REL_ACT_ID,EST_ID,ACT_EVA_ID,TEM_ID,MAT_ID,REL_ACT_NOTA) values ('99942','1061776','54548','11339','1404','5');
Insert into HOMESCHOOL.ACTIVIDAD_ESTUDIANTE (REL_ACT_ID,EST_ID,ACT_EVA_ID,TEM_ID,MAT_ID,REL_ACT_NOTA) values ('99943','1061775','54549','11339','1404','5');
REM INSERTING into HOMESCHOOL.ACTIVIDAD_EVALUATIVA
SET DEFINE OFF;
Insert into HOMESCHOOL.ACTIVIDAD_EVALUATIVA (ACT_EVA_ID,TEM_ID,MAT_ID,ACT_EVA_NOMBRE,ACT_EVA_FECHA_INICIO,ACT_EVA_FECHA_FIN,ACT_EVA_OBSERVACION,ACT_EVA_FOTO) values ('54545','11334','1403','Reconocimiento de los nombres',to_date('12/02/19','DD/MM/RR'),to_date('12/03/19','DD/MM/RR'),'No se para que sera este campo','null');
Insert into HOMESCHOOL.ACTIVIDAD_EVALUATIVA (ACT_EVA_ID,TEM_ID,MAT_ID,ACT_EVA_NOMBRE,ACT_EVA_FECHA_INICIO,ACT_EVA_FECHA_FIN,ACT_EVA_OBSERVACION,ACT_EVA_FOTO) values ('54546','11334','1403','Reconocimito del signo mas',to_date('12/02/19','DD/MM/RR'),to_date('12/03/19','DD/MM/RR'),'No se para que sera este campo','null');
Insert into HOMESCHOOL.ACTIVIDAD_EVALUATIVA (ACT_EVA_ID,TEM_ID,MAT_ID,ACT_EVA_NOMBRE,ACT_EVA_FECHA_INICIO,ACT_EVA_FECHA_FIN,ACT_EVA_OBSERVACION,ACT_EVA_FOTO) values ('54547','11334','1403','Restando',to_date('12/02/19','DD/MM/RR'),to_date('12/03/19','DD/MM/RR'),'No se para que sera este campo','null');
Insert into HOMESCHOOL.ACTIVIDAD_EVALUATIVA (ACT_EVA_ID,TEM_ID,MAT_ID,ACT_EVA_NOMBRE,ACT_EVA_FECHA_INICIO,ACT_EVA_FECHA_FIN,ACT_EVA_OBSERVACION,ACT_EVA_FOTO) values ('54548','11339','1404','Vamoas aprendera diferenciar las vocales',to_date('12/02/19','DD/MM/RR'),to_date('12/03/19','DD/MM/RR'),'No se la funcion de este campo',null);
Insert into HOMESCHOOL.ACTIVIDAD_EVALUATIVA (ACT_EVA_ID,TEM_ID,MAT_ID,ACT_EVA_NOMBRE,ACT_EVA_FECHA_INICIO,ACT_EVA_FECHA_FIN,ACT_EVA_OBSERVACION,ACT_EVA_FOTO) values ('54549','11339','1404','Vamos aprender a deletrear las vocales',to_date('12/02/19','DD/MM/RR'),to_date('12/03/19','DD/MM/RR'),'No se por que observacion',null);
REM INSERTING into HOMESCHOOL.ACUDIENTE
SET DEFINE OFF;
Insert into HOMESCHOOL.ACUDIENTE (ACU_TIPO_IDENTIFICACION,ACU_NUMERO_IDENTIFICACION,ACU_NOMBRE_COMPLETO,ACU_EMAIL,ACU_TELEFONO) values ('Cedula','987','Paola Ruiz','paola@gmail.com','21345677788');
Insert into HOMESCHOOL.ACUDIENTE (ACU_TIPO_IDENTIFICACION,ACU_NUMERO_IDENTIFICACION,ACU_NOMBRE_COMPLETO,ACU_EMAIL,ACU_TELEFONO) values ('Cedula','988','Loren perez ','loren@gmail.com','121344');
Insert into HOMESCHOOL.ACUDIENTE (ACU_TIPO_IDENTIFICACION,ACU_NUMERO_IDENTIFICACION,ACU_NOMBRE_COMPLETO,ACU_EMAIL,ACU_TELEFONO) values ('Cedula','989','Carmelo Martinez','carmelo@gmail.com','231414');
Insert into HOMESCHOOL.ACUDIENTE (ACU_TIPO_IDENTIFICACION,ACU_NUMERO_IDENTIFICACION,ACU_NOMBRE_COMPLETO,ACU_EMAIL,ACU_TELEFONO) values ('Tarjeta de identidad','990','Calos Perez','carlos@gmail.com','1314');
REM INSERTING into HOMESCHOOL.CENTRO_EDUCATIVO
SET DEFINE OFF;
Insert into HOMESCHOOL.CENTRO_EDUCATIVO (CEN_EDU_NIT,CEN_EDU_NOMBRE,CEN_EDU_CIUDAD,CEN_EDU_TELEFONO,CEN_EDU_DIRECCION) values ('1065','Timbio','Timbio','328564545','Calle 20 #12 c 78');
Insert into HOMESCHOOL.CENTRO_EDUCATIVO (CEN_EDU_NIT,CEN_EDU_NOMBRE,CEN_EDU_CIUDAD,CEN_EDU_TELEFONO,CEN_EDU_DIRECCION) values ('1066','Cristo Rey','Popayan','312','Calle 20');
Insert into HOMESCHOOL.CENTRO_EDUCATIVO (CEN_EDU_NIT,CEN_EDU_NOMBRE,CEN_EDU_CIUDAD,CEN_EDU_TELEFONO,CEN_EDU_DIRECCION) values ('1068','Industrial del norte','Popayán','328454566','calle 10#34c67');
Insert into HOMESCHOOL.CENTRO_EDUCATIVO (CEN_EDU_NIT,CEN_EDU_NOMBRE,CEN_EDU_CIUDAD,CEN_EDU_TELEFONO,CEN_EDU_DIRECCION) values ('1067','Hermanas de Dios','Popayán','314','calle 34#34c67');
Insert into HOMESCHOOL.CENTRO_EDUCATIVO (CEN_EDU_NIT,CEN_EDU_NOMBRE,CEN_EDU_CIUDAD,CEN_EDU_TELEFONO,CEN_EDU_DIRECCION) values ('1989181','WILLINTON','POPAYAN','3155352902','CRA SEGUNDA');
Insert into HOMESCHOOL.CENTRO_EDUCATIVO (CEN_EDU_NIT,CEN_EDU_NOMBRE,CEN_EDU_CIUDAD,CEN_EDU_TELEFONO,CEN_EDU_DIRECCION) values ('12121223','Liceo alejandro de Humbold 2','Popayán 2','no tiene','Vereda');
REM INSERTING into HOMESCHOOL.ESTUDIANTE
SET DEFINE OFF;
Insert into HOMESCHOOL.ESTUDIANTE (EST_ID,ACU_NUMERO_IDENTIFICACION,GRA_ID) values ('1061774','987','2');
Insert into HOMESCHOOL.ESTUDIANTE (EST_ID,ACU_NUMERO_IDENTIFICACION,GRA_ID) values ('1061775','987','2');
Insert into HOMESCHOOL.ESTUDIANTE (EST_ID,ACU_NUMERO_IDENTIFICACION,GRA_ID) values ('1061776','988','2');
REM INSERTING into HOMESCHOOL.GRADO
SET DEFINE OFF;
Insert into HOMESCHOOL.GRADO (GRA_ID,GRA_NOMBRE) values ('2','Segundo');
REM INSERTING into HOMESCHOOL.LOG_USUARIO
SET DEFINE OFF;
REM INSERTING into HOMESCHOOL.MATERIA
SET DEFINE OFF;
Insert into HOMESCHOOL.MATERIA (MAT_ID,MAT_NOMBRE,GRA_ID,PROF_ID) values ('1403','Matematicas','2','1061777');
Insert into HOMESCHOOL.MATERIA (MAT_ID,MAT_NOMBRE,GRA_ID,PROF_ID) values ('1404','Español','2','1061777');
Insert into HOMESCHOOL.MATERIA (MAT_ID,MAT_NOMBRE,GRA_ID,PROF_ID) values ('1405','Ingles','2','1061778');
REM INSERTING into HOMESCHOOL.MATRICULA
SET DEFINE OFF;
Insert into HOMESCHOOL.MATRICULA (MATRI_ID,EST_ID,MAT_ID,MATRI_FECHA_INICIO,MATRI_FECHA_FIN,MATRI_ESTADO,MATRI_NOT_FINAL) values ('1034','1061774','1403',to_date('12/02/19','DD/MM/RR'),to_date('12/03/19','DD/MM/RR'),'Activa','4,5');
Insert into HOMESCHOOL.MATRICULA (MATRI_ID,EST_ID,MAT_ID,MATRI_FECHA_INICIO,MATRI_FECHA_FIN,MATRI_ESTADO,MATRI_NOT_FINAL) values ('1035','1061774','1404',to_date('12/02/19','DD/MM/RR'),to_date('12/03/19','DD/MM/RR'),'Activa','3,5');
Insert into HOMESCHOOL.MATRICULA (MATRI_ID,EST_ID,MAT_ID,MATRI_FECHA_INICIO,MATRI_FECHA_FIN,MATRI_ESTADO,MATRI_NOT_FINAL) values ('1036','1061775','1403',to_date('12/02/19','DD/MM/RR'),to_date('12/03/19','DD/MM/RR'),'Activa','2,5');
Insert into HOMESCHOOL.MATRICULA (MATRI_ID,EST_ID,MAT_ID,MATRI_FECHA_INICIO,MATRI_FECHA_FIN,MATRI_ESTADO,MATRI_NOT_FINAL) values ('1037','1061776','1403',to_date('12/02/19','DD/MM/RR'),to_date('12/03/19','DD/MM/RR'),'Activa','5');
REM INSERTING into HOMESCHOOL.PROFESOR
SET DEFINE OFF;
Insert into HOMESCHOOL.PROFESOR (PROF_ID,PROF_TITULO) values ('1061777','Matemático Puro');
Insert into HOMESCHOOL.PROFESOR (PROF_ID,PROF_TITULO) values ('1061778','Ingeniero civil');
Insert into HOMESCHOOL.PROFESOR (PROF_ID,PROF_TITULO) values ('1061779','Licenciada en matemáticas');
REM INSERTING into HOMESCHOOL.TEMA_ESTUDIANTE
SET DEFINE OFF;
Insert into HOMESCHOOL.TEMA_ESTUDIANTE (REL_TEMA_ID,EST_ID,TEM_ID,MAT_ID,REL_TEM_NOTA) values ('1009','1061774','11334','1403','5');
Insert into HOMESCHOOL.TEMA_ESTUDIANTE (REL_TEMA_ID,EST_ID,TEM_ID,MAT_ID,REL_TEM_NOTA) values ('1010','1061775','11334','1403','5');
Insert into HOMESCHOOL.TEMA_ESTUDIANTE (REL_TEMA_ID,EST_ID,TEM_ID,MAT_ID,REL_TEM_NOTA) values ('1011','1061775','11334','1403','5');
Insert into HOMESCHOOL.TEMA_ESTUDIANTE (REL_TEMA_ID,EST_ID,TEM_ID,MAT_ID,REL_TEM_NOTA) values ('1012','1061776','11334','1403','5');
Insert into HOMESCHOOL.TEMA_ESTUDIANTE (REL_TEMA_ID,EST_ID,TEM_ID,MAT_ID,REL_TEM_NOTA) values ('1013','1061776','11335','1404','4');
Insert into HOMESCHOOL.TEMA_ESTUDIANTE (REL_TEMA_ID,EST_ID,TEM_ID,MAT_ID,REL_TEM_NOTA) values ('1014','1061776','11338','1403','4');
REM INSERTING into HOMESCHOOL.TEMAS
SET DEFINE OFF;
Insert into HOMESCHOOL.TEMAS (TEM_ID,MAT_ID,TEM_NOMBRE,TEM_DESCRIPCION,TEM_FOTO,TEM_MATERIAL_ARCHIVO,TEM_MATERIAL_VIDEO) values ('11335','1404','Abecedario','Aprenderemos las letras del abecedario',null,null,null);
Insert into HOMESCHOOL.TEMAS (TEM_ID,MAT_ID,TEM_NOMBRE,TEM_DESCRIPCION,TEM_FOTO,TEM_MATERIAL_ARCHIVO,TEM_MATERIAL_VIDEO) values ('11336','1405','Verbo tobe','Aprenderemos el verbo tobe',null,null,null);
Insert into HOMESCHOOL.TEMAS (TEM_ID,MAT_ID,TEM_NOMBRE,TEM_DESCRIPCION,TEM_FOTO,TEM_MATERIAL_ARCHIVO,TEM_MATERIAL_VIDEO) values ('11334','1403','Suma de conjuntos','Aprenderemos a sumar conjuntos',null,null,null);
Insert into HOMESCHOOL.TEMAS (TEM_ID,MAT_ID,TEM_NOMBRE,TEM_DESCRIPCION,TEM_FOTO,TEM_MATERIAL_ARCHIVO,TEM_MATERIAL_VIDEO) values ('11337','1403','Sumas de fraccionarios','Aprenderemos  a sumar fraccionarios',null,null,null);
Insert into HOMESCHOOL.TEMAS (TEM_ID,MAT_ID,TEM_NOMBRE,TEM_DESCRIPCION,TEM_FOTO,TEM_MATERIAL_ARCHIVO,TEM_MATERIAL_VIDEO) values ('11338','1403','Resta de fraccionarios','Aprenderemos a restar fraccionarios',null,null,null);
Insert into HOMESCHOOL.TEMAS (TEM_ID,MAT_ID,TEM_NOMBRE,TEM_DESCRIPCION,TEM_FOTO,TEM_MATERIAL_ARCHIVO,TEM_MATERIAL_VIDEO) values ('11339','1404','Las vocales','Hoy aprenderemos las vocales',null,null,null);
REM INSERTING into HOMESCHOOL.USUARIO
SET DEFINE OFF;
Insert into HOMESCHOOL.USUARIO (USU_ID,CEN_EDU_NIT,USU_TIPO_DOCUMENTO,USU_NOMBRES,USU_APELLIDOS,USU_TIPO_USUARIO,USU_CONTRASENIA,USU_ESTADO,USU_EMAIL,USU_TELEFONO,USU_FOTO) values ('1061774','1065','Tarjeta de identidad','Carmela','Perez','Estudiante','12345','Activo','carmela@gmail.com','312565678',null);
Insert into HOMESCHOOL.USUARIO (USU_ID,CEN_EDU_NIT,USU_TIPO_DOCUMENTO,USU_NOMBRES,USU_APELLIDOS,USU_TIPO_USUARIO,USU_CONTRASENIA,USU_ESTADO,USU_EMAIL,USU_TELEFONO,USU_FOTO) values ('1061775','1065','Tarjeta de identidad','Carlos','Lopez','Estudiante','12345','Activo','carlos@gmail.com','21325255',null);
Insert into HOMESCHOOL.USUARIO (USU_ID,CEN_EDU_NIT,USU_TIPO_DOCUMENTO,USU_NOMBRES,USU_APELLIDOS,USU_TIPO_USUARIO,USU_CONTRASENIA,USU_ESTADO,USU_EMAIL,USU_TELEFONO,USU_FOTO) values ('1061776','1066','Tarjeta de identidad','Andres','Muñoz','Estudiante ','12345','Activo','andres@gmail.com','24353646',null);
Insert into HOMESCHOOL.USUARIO (USU_ID,CEN_EDU_NIT,USU_TIPO_DOCUMENTO,USU_NOMBRES,USU_APELLIDOS,USU_TIPO_USUARIO,USU_CONTRASENIA,USU_ESTADO,USU_EMAIL,USU_TELEFONO,USU_FOTO) values ('1061777','1066','Cedula','Felipe','Cartago','Profesor','123456','Activo','felipe@gmail.com','24242',null);
Insert into HOMESCHOOL.USUARIO (USU_ID,CEN_EDU_NIT,USU_TIPO_DOCUMENTO,USU_NOMBRES,USU_APELLIDOS,USU_TIPO_USUARIO,USU_CONTRASENIA,USU_ESTADO,USU_EMAIL,USU_TELEFONO,USU_FOTO) values ('1061778','1066','Cedula','Juan','Perez','Profesor','123456','Activo','juan@gmail.com','24242424',null);
Insert into HOMESCHOOL.USUARIO (USU_ID,CEN_EDU_NIT,USU_TIPO_DOCUMENTO,USU_NOMBRES,USU_APELLIDOS,USU_TIPO_USUARIO,USU_CONTRASENIA,USU_ESTADO,USU_EMAIL,USU_TELEFONO,USU_FOTO) values ('1061779','1065','Cedula','Soraya','Vidal','Profesor','123456','Activo','soraya@gmail.com','3124565456',null);
--------------------------------------------------------
--  DDL for Index PK_CENTRO_EDUCATIVO
--------------------------------------------------------

  CREATE UNIQUE INDEX "HOMESCHOOL"."PK_CENTRO_EDUCATIVO" ON "HOMESCHOOL"."CENTRO_EDUCATIVO" ("CEN_EDU_NIT") 
  PCTFREE 10 INITRANS 2 MAXTRANS 255 COMPUTE STATISTICS 
  STORAGE(INITIAL 65536 NEXT 1048576 MINEXTENTS 1 MAXEXTENTS 2147483645
  PCTINCREASE 0 FREELISTS 1 FREELIST GROUPS 1 BUFFER_POOL DEFAULT FLASH_CACHE DEFAULT CELL_FLASH_CACHE DEFAULT)
  TABLESPACE "SYSTEM" ;
--------------------------------------------------------
--  DDL for Index PK_MATERIA
--------------------------------------------------------

  CREATE UNIQUE INDEX "HOMESCHOOL"."PK_MATERIA" ON "HOMESCHOOL"."MATERIA" ("MAT_ID") 
  PCTFREE 10 INITRANS 2 MAXTRANS 255 COMPUTE STATISTICS 
  STORAGE(INITIAL 65536 NEXT 1048576 MINEXTENTS 1 MAXEXTENTS 2147483645
  PCTINCREASE 0 FREELISTS 1 FREELIST GROUPS 1 BUFFER_POOL DEFAULT FLASH_CACHE DEFAULT CELL_FLASH_CACHE DEFAULT)
  TABLESPACE "SYSTEM" ;
--------------------------------------------------------
--  DDL for Index PK_ESTUDIANTE
--------------------------------------------------------

  CREATE UNIQUE INDEX "HOMESCHOOL"."PK_ESTUDIANTE" ON "HOMESCHOOL"."ESTUDIANTE" ("EST_ID") 
  PCTFREE 10 INITRANS 2 MAXTRANS 255 COMPUTE STATISTICS 
  STORAGE(INITIAL 65536 NEXT 1048576 MINEXTENTS 1 MAXEXTENTS 2147483645
  PCTINCREASE 0 FREELISTS 1 FREELIST GROUPS 1 BUFFER_POOL DEFAULT FLASH_CACHE DEFAULT CELL_FLASH_CACHE DEFAULT)
  TABLESPACE "SYSTEM" ;
--------------------------------------------------------
--  DDL for Index RELATIONSHIP_8_FK
--------------------------------------------------------

  CREATE INDEX "HOMESCHOOL"."RELATIONSHIP_8_FK" ON "HOMESCHOOL"."MATERIA" ("GRA_ID") 
  PCTFREE 10 INITRANS 2 MAXTRANS 255 COMPUTE STATISTICS 
  STORAGE(INITIAL 65536 NEXT 1048576 MINEXTENTS 1 MAXEXTENTS 2147483645
  PCTINCREASE 0 FREELISTS 1 FREELIST GROUPS 1 BUFFER_POOL DEFAULT FLASH_CACHE DEFAULT CELL_FLASH_CACHE DEFAULT)
  TABLESPACE "SYSTEM" ;
--------------------------------------------------------
--  DDL for Index PK_USUARIO
--------------------------------------------------------

  CREATE UNIQUE INDEX "HOMESCHOOL"."PK_USUARIO" ON "HOMESCHOOL"."USUARIO" ("USU_ID") 
  PCTFREE 10 INITRANS 2 MAXTRANS 255 COMPUTE STATISTICS 
  STORAGE(INITIAL 65536 NEXT 1048576 MINEXTENTS 1 MAXEXTENTS 2147483645
  PCTINCREASE 0 FREELISTS 1 FREELIST GROUPS 1 BUFFER_POOL DEFAULT FLASH_CACHE DEFAULT CELL_FLASH_CACHE DEFAULT)
  TABLESPACE "SYSTEM" ;
--------------------------------------------------------
--  DDL for Index DICTA_FK
--------------------------------------------------------

  CREATE INDEX "HOMESCHOOL"."DICTA_FK" ON "HOMESCHOOL"."MATERIA" ("PROF_ID") 
  PCTFREE 10 INITRANS 2 MAXTRANS 255 COMPUTE STATISTICS 
  STORAGE(INITIAL 65536 NEXT 1048576 MINEXTENTS 1 MAXEXTENTS 2147483645
  PCTINCREASE 0 FREELISTS 1 FREELIST GROUPS 1 BUFFER_POOL DEFAULT FLASH_CACHE DEFAULT CELL_FLASH_CACHE DEFAULT)
  TABLESPACE "SYSTEM" ;
--------------------------------------------------------
--  DDL for Index RELATIONSHIP_9_FK
--------------------------------------------------------

  CREATE INDEX "HOMESCHOOL"."RELATIONSHIP_9_FK" ON "HOMESCHOOL"."ESTUDIANTE" ("ACU_NUMERO_IDENTIFICACION") 
  PCTFREE 10 INITRANS 2 MAXTRANS 255 COMPUTE STATISTICS 
  STORAGE(INITIAL 65536 NEXT 1048576 MINEXTENTS 1 MAXEXTENTS 2147483645
  PCTINCREASE 0 FREELISTS 1 FREELIST GROUPS 1 BUFFER_POOL DEFAULT FLASH_CACHE DEFAULT CELL_FLASH_CACHE DEFAULT)
  TABLESPACE "SYSTEM" ;
--------------------------------------------------------
--  DDL for Index PK_TEMAS
--------------------------------------------------------

  CREATE UNIQUE INDEX "HOMESCHOOL"."PK_TEMAS" ON "HOMESCHOOL"."TEMAS" ("TEM_ID", "MAT_ID") 
  PCTFREE 10 INITRANS 2 MAXTRANS 255 COMPUTE STATISTICS 
  STORAGE(INITIAL 65536 NEXT 1048576 MINEXTENTS 1 MAXEXTENTS 2147483645
  PCTINCREASE 0 FREELISTS 1 FREELIST GROUPS 1 BUFFER_POOL DEFAULT FLASH_CACHE DEFAULT CELL_FLASH_CACHE DEFAULT)
  TABLESPACE "SYSTEM" ;
--------------------------------------------------------
--  DDL for Index ACTIVIDAD_ESTUDIANTE2_FK
--------------------------------------------------------

  CREATE INDEX "HOMESCHOOL"."ACTIVIDAD_ESTUDIANTE2_FK" ON "HOMESCHOOL"."ACTIVIDAD_ESTUDIANTE" ("EST_ID") 
  PCTFREE 10 INITRANS 2 MAXTRANS 255 COMPUTE STATISTICS 
  STORAGE(INITIAL 65536 NEXT 1048576 MINEXTENTS 1 MAXEXTENTS 2147483645
  PCTINCREASE 0 FREELISTS 1 FREELIST GROUPS 1 BUFFER_POOL DEFAULT FLASH_CACHE DEFAULT CELL_FLASH_CACHE DEFAULT)
  TABLESPACE "SYSTEM" ;
--------------------------------------------------------
--  DDL for Index PK_LOG_USUARIO
--------------------------------------------------------

  CREATE UNIQUE INDEX "HOMESCHOOL"."PK_LOG_USUARIO" ON "HOMESCHOOL"."LOG_USUARIO" ("LOG_ID") 
  PCTFREE 10 INITRANS 2 MAXTRANS 255 COMPUTE STATISTICS 
  STORAGE(INITIAL 65536 NEXT 1048576 MINEXTENTS 1 MAXEXTENTS 2147483645
  PCTINCREASE 0 FREELISTS 1 FREELIST GROUPS 1 BUFFER_POOL DEFAULT FLASH_CACHE DEFAULT CELL_FLASH_CACHE DEFAULT)
  TABLESPACE "SYSTEM" ;
--------------------------------------------------------
--  DDL for Index RELATIONSHIP_10_FK
--------------------------------------------------------

  CREATE INDEX "HOMESCHOOL"."RELATIONSHIP_10_FK" ON "HOMESCHOOL"."USUARIO" ("CEN_EDU_NIT") 
  PCTFREE 10 INITRANS 2 MAXTRANS 255 COMPUTE STATISTICS 
  STORAGE(INITIAL 65536 NEXT 1048576 MINEXTENTS 1 MAXEXTENTS 2147483645
  PCTINCREASE 0 FREELISTS 1 FREELIST GROUPS 1 BUFFER_POOL DEFAULT FLASH_CACHE DEFAULT CELL_FLASH_CACHE DEFAULT)
  TABLESPACE "SYSTEM" ;
--------------------------------------------------------
--  DDL for Index PK_GRADO
--------------------------------------------------------

  CREATE UNIQUE INDEX "HOMESCHOOL"."PK_GRADO" ON "HOMESCHOOL"."GRADO" ("GRA_ID") 
  PCTFREE 10 INITRANS 2 MAXTRANS 255 COMPUTE STATISTICS 
  STORAGE(INITIAL 65536 NEXT 1048576 MINEXTENTS 1 MAXEXTENTS 2147483645
  PCTINCREASE 0 FREELISTS 1 FREELIST GROUPS 1 BUFFER_POOL DEFAULT FLASH_CACHE DEFAULT CELL_FLASH_CACHE DEFAULT)
  TABLESPACE "SYSTEM" ;
--------------------------------------------------------
--  DDL for Index PK_PROFESOR
--------------------------------------------------------

  CREATE UNIQUE INDEX "HOMESCHOOL"."PK_PROFESOR" ON "HOMESCHOOL"."PROFESOR" ("PROF_ID") 
  PCTFREE 10 INITRANS 2 MAXTRANS 255 COMPUTE STATISTICS 
  STORAGE(INITIAL 65536 NEXT 1048576 MINEXTENTS 1 MAXEXTENTS 2147483645
  PCTINCREASE 0 FREELISTS 1 FREELIST GROUPS 1 BUFFER_POOL DEFAULT FLASH_CACHE DEFAULT CELL_FLASH_CACHE DEFAULT)
  TABLESPACE "SYSTEM" ;
--------------------------------------------------------
--  DDL for Index TEMA_ESTUDIANTE_FK
--------------------------------------------------------

  CREATE INDEX "HOMESCHOOL"."TEMA_ESTUDIANTE_FK" ON "HOMESCHOOL"."TEMA_ESTUDIANTE" ("TEM_ID", "MAT_ID") 
  PCTFREE 10 INITRANS 2 MAXTRANS 255 COMPUTE STATISTICS 
  STORAGE(INITIAL 65536 NEXT 1048576 MINEXTENTS 1 MAXEXTENTS 2147483645
  PCTINCREASE 0 FREELISTS 1 FREELIST GROUPS 1 BUFFER_POOL DEFAULT FLASH_CACHE DEFAULT CELL_FLASH_CACHE DEFAULT)
  TABLESPACE "SYSTEM" ;
--------------------------------------------------------
--  DDL for Index PK_ACUDIENTE
--------------------------------------------------------

  CREATE UNIQUE INDEX "HOMESCHOOL"."PK_ACUDIENTE" ON "HOMESCHOOL"."ACUDIENTE" ("ACU_NUMERO_IDENTIFICACION") 
  PCTFREE 10 INITRANS 2 MAXTRANS 255 COMPUTE STATISTICS 
  STORAGE(INITIAL 65536 NEXT 1048576 MINEXTENTS 1 MAXEXTENTS 2147483645
  PCTINCREASE 0 FREELISTS 1 FREELIST GROUPS 1 BUFFER_POOL DEFAULT FLASH_CACHE DEFAULT CELL_FLASH_CACHE DEFAULT)
  TABLESPACE "SYSTEM" ;
--------------------------------------------------------
--  DDL for Index TIENEN_FK
--------------------------------------------------------

  CREATE INDEX "HOMESCHOOL"."TIENEN_FK" ON "HOMESCHOOL"."ACTIVIDAD_EVALUATIVA" ("TEM_ID", "MAT_ID") 
  PCTFREE 10 INITRANS 2 MAXTRANS 255 COMPUTE STATISTICS 
  STORAGE(INITIAL 65536 NEXT 1048576 MINEXTENTS 1 MAXEXTENTS 2147483645
  PCTINCREASE 0 FREELISTS 1 FREELIST GROUPS 1 BUFFER_POOL DEFAULT FLASH_CACHE DEFAULT CELL_FLASH_CACHE DEFAULT)
  TABLESPACE "SYSTEM" ;
--------------------------------------------------------
--  DDL for Index MATRICULA2_FK
--------------------------------------------------------

  CREATE INDEX "HOMESCHOOL"."MATRICULA2_FK" ON "HOMESCHOOL"."MATRICULA" ("EST_ID") 
  PCTFREE 10 INITRANS 2 MAXTRANS 255 COMPUTE STATISTICS 
  STORAGE(INITIAL 65536 NEXT 1048576 MINEXTENTS 1 MAXEXTENTS 2147483645
  PCTINCREASE 0 FREELISTS 1 FREELIST GROUPS 1 BUFFER_POOL DEFAULT FLASH_CACHE DEFAULT CELL_FLASH_CACHE DEFAULT)
  TABLESPACE "SYSTEM" ;
--------------------------------------------------------
--  DDL for Index GUARDA_FK
--------------------------------------------------------

  CREATE INDEX "HOMESCHOOL"."GUARDA_FK" ON "HOMESCHOOL"."LOG_USUARIO" ("USU_ID") 
  PCTFREE 10 INITRANS 2 MAXTRANS 255 COMPUTE STATISTICS 
  STORAGE(INITIAL 65536 NEXT 1048576 MINEXTENTS 1 MAXEXTENTS 2147483645
  PCTINCREASE 0 FREELISTS 1 FREELIST GROUPS 1 BUFFER_POOL DEFAULT FLASH_CACHE DEFAULT CELL_FLASH_CACHE DEFAULT)
  TABLESPACE "SYSTEM" ;
--------------------------------------------------------
--  DDL for Index ACTIVIDAD_ESTUDIANTE_FK
--------------------------------------------------------

  CREATE INDEX "HOMESCHOOL"."ACTIVIDAD_ESTUDIANTE_FK" ON "HOMESCHOOL"."ACTIVIDAD_ESTUDIANTE" ("ACT_EVA_ID", "TEM_ID", "MAT_ID") 
  PCTFREE 10 INITRANS 2 MAXTRANS 255 COMPUTE STATISTICS 
  STORAGE(INITIAL 65536 NEXT 1048576 MINEXTENTS 1 MAXEXTENTS 2147483645
  PCTINCREASE 0 FREELISTS 1 FREELIST GROUPS 1 BUFFER_POOL DEFAULT FLASH_CACHE DEFAULT CELL_FLASH_CACHE DEFAULT)
  TABLESPACE "SYSTEM" ;
--------------------------------------------------------
--  DDL for Index MATRICULA_FK
--------------------------------------------------------

  CREATE INDEX "HOMESCHOOL"."MATRICULA_FK" ON "HOMESCHOOL"."MATRICULA" ("MAT_ID") 
  PCTFREE 10 INITRANS 2 MAXTRANS 255 COMPUTE STATISTICS 
  STORAGE(INITIAL 65536 NEXT 1048576 MINEXTENTS 1 MAXEXTENTS 2147483645
  PCTINCREASE 0 FREELISTS 1 FREELIST GROUPS 1 BUFFER_POOL DEFAULT FLASH_CACHE DEFAULT CELL_FLASH_CACHE DEFAULT)
  TABLESPACE "SYSTEM" ;
--------------------------------------------------------
--  DDL for Index PK_ACTIVIDAD_EVALUATIVA
--------------------------------------------------------

  CREATE UNIQUE INDEX "HOMESCHOOL"."PK_ACTIVIDAD_EVALUATIVA" ON "HOMESCHOOL"."ACTIVIDAD_EVALUATIVA" ("ACT_EVA_ID", "TEM_ID", "MAT_ID") 
  PCTFREE 10 INITRANS 2 MAXTRANS 255 COMPUTE STATISTICS 
  STORAGE(INITIAL 65536 NEXT 1048576 MINEXTENTS 1 MAXEXTENTS 2147483645
  PCTINCREASE 0 FREELISTS 1 FREELIST GROUPS 1 BUFFER_POOL DEFAULT FLASH_CACHE DEFAULT CELL_FLASH_CACHE DEFAULT)
  TABLESPACE "SYSTEM" ;
--------------------------------------------------------
--  DDL for Index TEMA_ESTUDIANTE2_FK
--------------------------------------------------------

  CREATE INDEX "HOMESCHOOL"."TEMA_ESTUDIANTE2_FK" ON "HOMESCHOOL"."TEMA_ESTUDIANTE" ("EST_ID") 
  PCTFREE 10 INITRANS 2 MAXTRANS 255 COMPUTE STATISTICS 
  STORAGE(INITIAL 65536 NEXT 1048576 MINEXTENTS 1 MAXEXTENTS 2147483645
  PCTINCREASE 0 FREELISTS 1 FREELIST GROUPS 1 BUFFER_POOL DEFAULT FLASH_CACHE DEFAULT CELL_FLASH_CACHE DEFAULT)
  TABLESPACE "SYSTEM" ;
--------------------------------------------------------
--  DDL for Index PK_ACTIVIDAD_ESTUDIANTE
--------------------------------------------------------

  CREATE UNIQUE INDEX "HOMESCHOOL"."PK_ACTIVIDAD_ESTUDIANTE" ON "HOMESCHOOL"."ACTIVIDAD_ESTUDIANTE" ("REL_ACT_ID") 
  PCTFREE 10 INITRANS 2 MAXTRANS 255 COMPUTE STATISTICS 
  STORAGE(INITIAL 65536 NEXT 1048576 MINEXTENTS 1 MAXEXTENTS 2147483645
  PCTINCREASE 0 FREELISTS 1 FREELIST GROUPS 1 BUFFER_POOL DEFAULT FLASH_CACHE DEFAULT CELL_FLASH_CACHE DEFAULT)
  TABLESPACE "SYSTEM" ;
--------------------------------------------------------
--  DDL for Index PK_MATRICULA
--------------------------------------------------------

  CREATE UNIQUE INDEX "HOMESCHOOL"."PK_MATRICULA" ON "HOMESCHOOL"."MATRICULA" ("MATRI_ID") 
  PCTFREE 10 INITRANS 2 MAXTRANS 255 COMPUTE STATISTICS 
  STORAGE(INITIAL 65536 NEXT 1048576 MINEXTENTS 1 MAXEXTENTS 2147483645
  PCTINCREASE 0 FREELISTS 1 FREELIST GROUPS 1 BUFFER_POOL DEFAULT FLASH_CACHE DEFAULT CELL_FLASH_CACHE DEFAULT)
  TABLESPACE "SYSTEM" ;
--------------------------------------------------------
--  DDL for Index RELATIONSHIP_7_FK
--------------------------------------------------------

  CREATE INDEX "HOMESCHOOL"."RELATIONSHIP_7_FK" ON "HOMESCHOOL"."TEMAS" ("MAT_ID") 
  PCTFREE 10 INITRANS 2 MAXTRANS 255 COMPUTE STATISTICS 
  STORAGE(INITIAL 65536 NEXT 1048576 MINEXTENTS 1 MAXEXTENTS 2147483645
  PCTINCREASE 0 FREELISTS 1 FREELIST GROUPS 1 BUFFER_POOL DEFAULT FLASH_CACHE DEFAULT CELL_FLASH_CACHE DEFAULT)
  TABLESPACE "SYSTEM" ;
--------------------------------------------------------
--  DDL for Index PK_TEMA_ESTUDIANTE
--------------------------------------------------------

  CREATE UNIQUE INDEX "HOMESCHOOL"."PK_TEMA_ESTUDIANTE" ON "HOMESCHOOL"."TEMA_ESTUDIANTE" ("REL_TEMA_ID") 
  PCTFREE 10 INITRANS 2 MAXTRANS 255 COMPUTE STATISTICS 
  STORAGE(INITIAL 65536 NEXT 1048576 MINEXTENTS 1 MAXEXTENTS 2147483645
  PCTINCREASE 0 FREELISTS 1 FREELIST GROUPS 1 BUFFER_POOL DEFAULT FLASH_CACHE DEFAULT CELL_FLASH_CACHE DEFAULT)
  TABLESPACE "SYSTEM" ;
--------------------------------------------------------
--  DDL for Index RELATIONSHIP_11_FK
--------------------------------------------------------

  CREATE INDEX "HOMESCHOOL"."RELATIONSHIP_11_FK" ON "HOMESCHOOL"."ESTUDIANTE" ("GRA_ID") 
  PCTFREE 10 INITRANS 2 MAXTRANS 255 COMPUTE STATISTICS 
  STORAGE(INITIAL 65536 NEXT 1048576 MINEXTENTS 1 MAXEXTENTS 2147483645
  PCTINCREASE 0 FREELISTS 1 FREELIST GROUPS 1 BUFFER_POOL DEFAULT FLASH_CACHE DEFAULT CELL_FLASH_CACHE DEFAULT)
  TABLESPACE "SYSTEM" ;
--------------------------------------------------------
--  Constraints for Table ACTIVIDAD_ESTUDIANTE
--------------------------------------------------------

  ALTER TABLE "HOMESCHOOL"."ACTIVIDAD_ESTUDIANTE" ADD CONSTRAINT "PK_ACTIVIDAD_ESTUDIANTE" PRIMARY KEY ("REL_ACT_ID")
  USING INDEX PCTFREE 10 INITRANS 2 MAXTRANS 255 COMPUTE STATISTICS 
  STORAGE(INITIAL 65536 NEXT 1048576 MINEXTENTS 1 MAXEXTENTS 2147483645
  PCTINCREASE 0 FREELISTS 1 FREELIST GROUPS 1 BUFFER_POOL DEFAULT FLASH_CACHE DEFAULT CELL_FLASH_CACHE DEFAULT)
  TABLESPACE "SYSTEM"  ENABLE;
  ALTER TABLE "HOMESCHOOL"."ACTIVIDAD_ESTUDIANTE" MODIFY ("REL_ACT_NOTA" NOT NULL ENABLE);
  ALTER TABLE "HOMESCHOOL"."ACTIVIDAD_ESTUDIANTE" MODIFY ("MAT_ID" NOT NULL ENABLE);
  ALTER TABLE "HOMESCHOOL"."ACTIVIDAD_ESTUDIANTE" MODIFY ("TEM_ID" NOT NULL ENABLE);
  ALTER TABLE "HOMESCHOOL"."ACTIVIDAD_ESTUDIANTE" MODIFY ("ACT_EVA_ID" NOT NULL ENABLE);
  ALTER TABLE "HOMESCHOOL"."ACTIVIDAD_ESTUDIANTE" MODIFY ("EST_ID" NOT NULL ENABLE);
  ALTER TABLE "HOMESCHOOL"."ACTIVIDAD_ESTUDIANTE" MODIFY ("REL_ACT_ID" NOT NULL ENABLE);
--------------------------------------------------------
--  Constraints for Table MATRICULA
--------------------------------------------------------

  ALTER TABLE "HOMESCHOOL"."MATRICULA" ADD CONSTRAINT "PK_MATRICULA" PRIMARY KEY ("MATRI_ID")
  USING INDEX PCTFREE 10 INITRANS 2 MAXTRANS 255 COMPUTE STATISTICS 
  STORAGE(INITIAL 65536 NEXT 1048576 MINEXTENTS 1 MAXEXTENTS 2147483645
  PCTINCREASE 0 FREELISTS 1 FREELIST GROUPS 1 BUFFER_POOL DEFAULT FLASH_CACHE DEFAULT CELL_FLASH_CACHE DEFAULT)
  TABLESPACE "SYSTEM"  ENABLE;
  ALTER TABLE "HOMESCHOOL"."MATRICULA" MODIFY ("MAT_ID" NOT NULL ENABLE);
  ALTER TABLE "HOMESCHOOL"."MATRICULA" MODIFY ("EST_ID" NOT NULL ENABLE);
  ALTER TABLE "HOMESCHOOL"."MATRICULA" MODIFY ("MATRI_ID" NOT NULL ENABLE);
--------------------------------------------------------
--  Constraints for Table MATERIA
--------------------------------------------------------

  ALTER TABLE "HOMESCHOOL"."MATERIA" ADD CONSTRAINT "PK_MATERIA" PRIMARY KEY ("MAT_ID")
  USING INDEX PCTFREE 10 INITRANS 2 MAXTRANS 255 COMPUTE STATISTICS 
  STORAGE(INITIAL 65536 NEXT 1048576 MINEXTENTS 1 MAXEXTENTS 2147483645
  PCTINCREASE 0 FREELISTS 1 FREELIST GROUPS 1 BUFFER_POOL DEFAULT FLASH_CACHE DEFAULT CELL_FLASH_CACHE DEFAULT)
  TABLESPACE "SYSTEM"  ENABLE;
  ALTER TABLE "HOMESCHOOL"."MATERIA" MODIFY ("PROF_ID" NOT NULL ENABLE);
  ALTER TABLE "HOMESCHOOL"."MATERIA" MODIFY ("GRA_ID" NOT NULL ENABLE);
  ALTER TABLE "HOMESCHOOL"."MATERIA" MODIFY ("MAT_NOMBRE" NOT NULL ENABLE);
  ALTER TABLE "HOMESCHOOL"."MATERIA" MODIFY ("MAT_ID" NOT NULL ENABLE);
--------------------------------------------------------
--  Constraints for Table TEMA_ESTUDIANTE
--------------------------------------------------------

  ALTER TABLE "HOMESCHOOL"."TEMA_ESTUDIANTE" ADD CONSTRAINT "PK_TEMA_ESTUDIANTE" PRIMARY KEY ("REL_TEMA_ID")
  USING INDEX PCTFREE 10 INITRANS 2 MAXTRANS 255 COMPUTE STATISTICS 
  STORAGE(INITIAL 65536 NEXT 1048576 MINEXTENTS 1 MAXEXTENTS 2147483645
  PCTINCREASE 0 FREELISTS 1 FREELIST GROUPS 1 BUFFER_POOL DEFAULT FLASH_CACHE DEFAULT CELL_FLASH_CACHE DEFAULT)
  TABLESPACE "SYSTEM"  ENABLE;
  ALTER TABLE "HOMESCHOOL"."TEMA_ESTUDIANTE" MODIFY ("REL_TEM_NOTA" NOT NULL ENABLE);
  ALTER TABLE "HOMESCHOOL"."TEMA_ESTUDIANTE" MODIFY ("MAT_ID" NOT NULL ENABLE);
  ALTER TABLE "HOMESCHOOL"."TEMA_ESTUDIANTE" MODIFY ("TEM_ID" NOT NULL ENABLE);
  ALTER TABLE "HOMESCHOOL"."TEMA_ESTUDIANTE" MODIFY ("EST_ID" NOT NULL ENABLE);
  ALTER TABLE "HOMESCHOOL"."TEMA_ESTUDIANTE" MODIFY ("REL_TEMA_ID" NOT NULL ENABLE);
--------------------------------------------------------
--  Constraints for Table ACUDIENTE
--------------------------------------------------------

  ALTER TABLE "HOMESCHOOL"."ACUDIENTE" ADD CONSTRAINT "PK_ACUDIENTE" PRIMARY KEY ("ACU_NUMERO_IDENTIFICACION")
  USING INDEX PCTFREE 10 INITRANS 2 MAXTRANS 255 COMPUTE STATISTICS 
  STORAGE(INITIAL 65536 NEXT 1048576 MINEXTENTS 1 MAXEXTENTS 2147483645
  PCTINCREASE 0 FREELISTS 1 FREELIST GROUPS 1 BUFFER_POOL DEFAULT FLASH_CACHE DEFAULT CELL_FLASH_CACHE DEFAULT)
  TABLESPACE "SYSTEM"  ENABLE;
  ALTER TABLE "HOMESCHOOL"."ACUDIENTE" MODIFY ("ACU_EMAIL" NOT NULL ENABLE);
  ALTER TABLE "HOMESCHOOL"."ACUDIENTE" MODIFY ("ACU_NOMBRE_COMPLETO" NOT NULL ENABLE);
  ALTER TABLE "HOMESCHOOL"."ACUDIENTE" MODIFY ("ACU_NUMERO_IDENTIFICACION" NOT NULL ENABLE);
  ALTER TABLE "HOMESCHOOL"."ACUDIENTE" MODIFY ("ACU_TIPO_IDENTIFICACION" NOT NULL ENABLE);
--------------------------------------------------------
--  Constraints for Table LOG_USUARIO
--------------------------------------------------------

  ALTER TABLE "HOMESCHOOL"."LOG_USUARIO" ADD CONSTRAINT "PK_LOG_USUARIO" PRIMARY KEY ("LOG_ID")
  USING INDEX PCTFREE 10 INITRANS 2 MAXTRANS 255 COMPUTE STATISTICS 
  STORAGE(INITIAL 65536 NEXT 1048576 MINEXTENTS 1 MAXEXTENTS 2147483645
  PCTINCREASE 0 FREELISTS 1 FREELIST GROUPS 1 BUFFER_POOL DEFAULT FLASH_CACHE DEFAULT CELL_FLASH_CACHE DEFAULT)
  TABLESPACE "SYSTEM"  ENABLE;
  ALTER TABLE "HOMESCHOOL"."LOG_USUARIO" MODIFY ("USU_ID" NOT NULL ENABLE);
  ALTER TABLE "HOMESCHOOL"."LOG_USUARIO" MODIFY ("LOG_FECHA_FIN" NOT NULL ENABLE);
  ALTER TABLE "HOMESCHOOL"."LOG_USUARIO" MODIFY ("LOG_FECHA_INICIO" NOT NULL ENABLE);
  ALTER TABLE "HOMESCHOOL"."LOG_USUARIO" MODIFY ("LOG_NUMERO_DOCUMENTO" NOT NULL ENABLE);
  ALTER TABLE "HOMESCHOOL"."LOG_USUARIO" MODIFY ("LOG_TIPO_DOCUMENTO" NOT NULL ENABLE);
  ALTER TABLE "HOMESCHOOL"."LOG_USUARIO" MODIFY ("LOG_ID" NOT NULL ENABLE);
--------------------------------------------------------
--  Constraints for Table GRADO
--------------------------------------------------------

  ALTER TABLE "HOMESCHOOL"."GRADO" ADD CONSTRAINT "PK_GRADO" PRIMARY KEY ("GRA_ID")
  USING INDEX PCTFREE 10 INITRANS 2 MAXTRANS 255 COMPUTE STATISTICS 
  STORAGE(INITIAL 65536 NEXT 1048576 MINEXTENTS 1 MAXEXTENTS 2147483645
  PCTINCREASE 0 FREELISTS 1 FREELIST GROUPS 1 BUFFER_POOL DEFAULT FLASH_CACHE DEFAULT CELL_FLASH_CACHE DEFAULT)
  TABLESPACE "SYSTEM"  ENABLE;
  ALTER TABLE "HOMESCHOOL"."GRADO" MODIFY ("GRA_NOMBRE" NOT NULL ENABLE);
  ALTER TABLE "HOMESCHOOL"."GRADO" MODIFY ("GRA_ID" NOT NULL ENABLE);
--------------------------------------------------------
--  Constraints for Table ESTUDIANTE
--------------------------------------------------------

  ALTER TABLE "HOMESCHOOL"."ESTUDIANTE" ADD CONSTRAINT "PK_ESTUDIANTE" PRIMARY KEY ("EST_ID")
  USING INDEX PCTFREE 10 INITRANS 2 MAXTRANS 255 COMPUTE STATISTICS 
  STORAGE(INITIAL 65536 NEXT 1048576 MINEXTENTS 1 MAXEXTENTS 2147483645
  PCTINCREASE 0 FREELISTS 1 FREELIST GROUPS 1 BUFFER_POOL DEFAULT FLASH_CACHE DEFAULT CELL_FLASH_CACHE DEFAULT)
  TABLESPACE "SYSTEM"  ENABLE;
  ALTER TABLE "HOMESCHOOL"."ESTUDIANTE" MODIFY ("GRA_ID" NOT NULL ENABLE);
  ALTER TABLE "HOMESCHOOL"."ESTUDIANTE" MODIFY ("ACU_NUMERO_IDENTIFICACION" NOT NULL ENABLE);
  ALTER TABLE "HOMESCHOOL"."ESTUDIANTE" MODIFY ("EST_ID" NOT NULL ENABLE);
--------------------------------------------------------
--  Constraints for Table PROFESOR
--------------------------------------------------------

  ALTER TABLE "HOMESCHOOL"."PROFESOR" ADD CONSTRAINT "PK_PROFESOR" PRIMARY KEY ("PROF_ID")
  USING INDEX PCTFREE 10 INITRANS 2 MAXTRANS 255 COMPUTE STATISTICS 
  STORAGE(INITIAL 65536 NEXT 1048576 MINEXTENTS 1 MAXEXTENTS 2147483645
  PCTINCREASE 0 FREELISTS 1 FREELIST GROUPS 1 BUFFER_POOL DEFAULT FLASH_CACHE DEFAULT CELL_FLASH_CACHE DEFAULT)
  TABLESPACE "SYSTEM"  ENABLE;
  ALTER TABLE "HOMESCHOOL"."PROFESOR" MODIFY ("PROF_ID" NOT NULL ENABLE);
--------------------------------------------------------
--  Constraints for Table ACTIVIDAD_EVALUATIVA
--------------------------------------------------------

  ALTER TABLE "HOMESCHOOL"."ACTIVIDAD_EVALUATIVA" ADD CONSTRAINT "PK_ACTIVIDAD_EVALUATIVA" PRIMARY KEY ("ACT_EVA_ID", "TEM_ID", "MAT_ID")
  USING INDEX PCTFREE 10 INITRANS 2 MAXTRANS 255 COMPUTE STATISTICS 
  STORAGE(INITIAL 65536 NEXT 1048576 MINEXTENTS 1 MAXEXTENTS 2147483645
  PCTINCREASE 0 FREELISTS 1 FREELIST GROUPS 1 BUFFER_POOL DEFAULT FLASH_CACHE DEFAULT CELL_FLASH_CACHE DEFAULT)
  TABLESPACE "SYSTEM"  ENABLE;
  ALTER TABLE "HOMESCHOOL"."ACTIVIDAD_EVALUATIVA" MODIFY ("ACT_EVA_FECHA_FIN" NOT NULL ENABLE);
  ALTER TABLE "HOMESCHOOL"."ACTIVIDAD_EVALUATIVA" MODIFY ("ACT_EVA_FECHA_INICIO" NOT NULL ENABLE);
  ALTER TABLE "HOMESCHOOL"."ACTIVIDAD_EVALUATIVA" MODIFY ("ACT_EVA_NOMBRE" NOT NULL ENABLE);
  ALTER TABLE "HOMESCHOOL"."ACTIVIDAD_EVALUATIVA" MODIFY ("MAT_ID" NOT NULL ENABLE);
  ALTER TABLE "HOMESCHOOL"."ACTIVIDAD_EVALUATIVA" MODIFY ("TEM_ID" NOT NULL ENABLE);
  ALTER TABLE "HOMESCHOOL"."ACTIVIDAD_EVALUATIVA" MODIFY ("ACT_EVA_ID" NOT NULL ENABLE);
--------------------------------------------------------
--  Constraints for Table CENTRO_EDUCATIVO
--------------------------------------------------------

  ALTER TABLE "HOMESCHOOL"."CENTRO_EDUCATIVO" ADD CONSTRAINT "PK_CENTRO_EDUCATIVO" PRIMARY KEY ("CEN_EDU_NIT")
  USING INDEX PCTFREE 10 INITRANS 2 MAXTRANS 255 COMPUTE STATISTICS 
  STORAGE(INITIAL 65536 NEXT 1048576 MINEXTENTS 1 MAXEXTENTS 2147483645
  PCTINCREASE 0 FREELISTS 1 FREELIST GROUPS 1 BUFFER_POOL DEFAULT FLASH_CACHE DEFAULT CELL_FLASH_CACHE DEFAULT)
  TABLESPACE "SYSTEM"  ENABLE;
  ALTER TABLE "HOMESCHOOL"."CENTRO_EDUCATIVO" MODIFY ("CEN_EDU_DIRECCION" NOT NULL ENABLE);
  ALTER TABLE "HOMESCHOOL"."CENTRO_EDUCATIVO" MODIFY ("CEN_EDU_TELEFONO" NOT NULL ENABLE);
  ALTER TABLE "HOMESCHOOL"."CENTRO_EDUCATIVO" MODIFY ("CEN_EDU_CIUDAD" NOT NULL ENABLE);
  ALTER TABLE "HOMESCHOOL"."CENTRO_EDUCATIVO" MODIFY ("CEN_EDU_NOMBRE" NOT NULL ENABLE);
  ALTER TABLE "HOMESCHOOL"."CENTRO_EDUCATIVO" MODIFY ("CEN_EDU_NIT" NOT NULL ENABLE);
--------------------------------------------------------
--  Constraints for Table USUARIO
--------------------------------------------------------

  ALTER TABLE "HOMESCHOOL"."USUARIO" ADD CONSTRAINT "PK_USUARIO" PRIMARY KEY ("USU_ID")
  USING INDEX PCTFREE 10 INITRANS 2 MAXTRANS 255 COMPUTE STATISTICS 
  STORAGE(INITIAL 65536 NEXT 1048576 MINEXTENTS 1 MAXEXTENTS 2147483645
  PCTINCREASE 0 FREELISTS 1 FREELIST GROUPS 1 BUFFER_POOL DEFAULT FLASH_CACHE DEFAULT CELL_FLASH_CACHE DEFAULT)
  TABLESPACE "SYSTEM"  ENABLE;
  ALTER TABLE "HOMESCHOOL"."USUARIO" MODIFY ("USU_CONTRASENIA" NOT NULL ENABLE);
  ALTER TABLE "HOMESCHOOL"."USUARIO" MODIFY ("USU_TIPO_USUARIO" NOT NULL ENABLE);
  ALTER TABLE "HOMESCHOOL"."USUARIO" MODIFY ("USU_APELLIDOS" NOT NULL ENABLE);
  ALTER TABLE "HOMESCHOOL"."USUARIO" MODIFY ("USU_NOMBRES" NOT NULL ENABLE);
  ALTER TABLE "HOMESCHOOL"."USUARIO" MODIFY ("USU_TIPO_DOCUMENTO" NOT NULL ENABLE);
  ALTER TABLE "HOMESCHOOL"."USUARIO" MODIFY ("CEN_EDU_NIT" NOT NULL ENABLE);
  ALTER TABLE "HOMESCHOOL"."USUARIO" MODIFY ("USU_ID" NOT NULL ENABLE);
--------------------------------------------------------
--  Constraints for Table TEMAS
--------------------------------------------------------

  ALTER TABLE "HOMESCHOOL"."TEMAS" ADD CONSTRAINT "PK_TEMAS" PRIMARY KEY ("TEM_ID", "MAT_ID")
  USING INDEX PCTFREE 10 INITRANS 2 MAXTRANS 255 COMPUTE STATISTICS 
  STORAGE(INITIAL 65536 NEXT 1048576 MINEXTENTS 1 MAXEXTENTS 2147483645
  PCTINCREASE 0 FREELISTS 1 FREELIST GROUPS 1 BUFFER_POOL DEFAULT FLASH_CACHE DEFAULT CELL_FLASH_CACHE DEFAULT)
  TABLESPACE "SYSTEM"  ENABLE;
  ALTER TABLE "HOMESCHOOL"."TEMAS" MODIFY ("TEM_NOMBRE" NOT NULL ENABLE);
  ALTER TABLE "HOMESCHOOL"."TEMAS" MODIFY ("MAT_ID" NOT NULL ENABLE);
  ALTER TABLE "HOMESCHOOL"."TEMAS" MODIFY ("TEM_ID" NOT NULL ENABLE);
--------------------------------------------------------
--  Ref Constraints for Table ACTIVIDAD_ESTUDIANTE
--------------------------------------------------------

  ALTER TABLE "HOMESCHOOL"."ACTIVIDAD_ESTUDIANTE" ADD CONSTRAINT "FK_ACTIVIDA_ACTIVIDAD_ACTIVIDA" FOREIGN KEY ("ACT_EVA_ID", "TEM_ID", "MAT_ID")
	  REFERENCES "HOMESCHOOL"."ACTIVIDAD_EVALUATIVA" ("ACT_EVA_ID", "TEM_ID", "MAT_ID") ENABLE;
  ALTER TABLE "HOMESCHOOL"."ACTIVIDAD_ESTUDIANTE" ADD CONSTRAINT "FK_ACTIVIDA_ACTIVIDAD_ESTUDIAN" FOREIGN KEY ("EST_ID")
	  REFERENCES "HOMESCHOOL"."ESTUDIANTE" ("EST_ID") ENABLE;
--------------------------------------------------------
--  Ref Constraints for Table ACTIVIDAD_EVALUATIVA
--------------------------------------------------------

  ALTER TABLE "HOMESCHOOL"."ACTIVIDAD_EVALUATIVA" ADD CONSTRAINT "FK_ACTIVIDA_TIENEN_TEMAS" FOREIGN KEY ("TEM_ID", "MAT_ID")
	  REFERENCES "HOMESCHOOL"."TEMAS" ("TEM_ID", "MAT_ID") ENABLE;
--------------------------------------------------------
--  Ref Constraints for Table ESTUDIANTE
--------------------------------------------------------

  ALTER TABLE "HOMESCHOOL"."ESTUDIANTE" ADD CONSTRAINT "FK_ESTUDIAN_ES_UN_USUARIO" FOREIGN KEY ("EST_ID")
	  REFERENCES "HOMESCHOOL"."USUARIO" ("USU_ID") ENABLE;
  ALTER TABLE "HOMESCHOOL"."ESTUDIANTE" ADD CONSTRAINT "FK_ESTUDIAN_RELATIONS_ACUDIENT" FOREIGN KEY ("ACU_NUMERO_IDENTIFICACION")
	  REFERENCES "HOMESCHOOL"."ACUDIENTE" ("ACU_NUMERO_IDENTIFICACION") ENABLE;
  ALTER TABLE "HOMESCHOOL"."ESTUDIANTE" ADD CONSTRAINT "FK_ESTUDIAN_RELATIONS_GRADO" FOREIGN KEY ("GRA_ID")
	  REFERENCES "HOMESCHOOL"."GRADO" ("GRA_ID") ENABLE;
--------------------------------------------------------
--  Ref Constraints for Table LOG_USUARIO
--------------------------------------------------------

  ALTER TABLE "HOMESCHOOL"."LOG_USUARIO" ADD CONSTRAINT "FK_LOG_USUA_GUARDA_USUARIO" FOREIGN KEY ("USU_ID")
	  REFERENCES "HOMESCHOOL"."USUARIO" ("USU_ID") ENABLE;
--------------------------------------------------------
--  Ref Constraints for Table MATERIA
--------------------------------------------------------

  ALTER TABLE "HOMESCHOOL"."MATERIA" ADD CONSTRAINT "FK_MATERIA_DICTA_PROFESOR" FOREIGN KEY ("PROF_ID")
	  REFERENCES "HOMESCHOOL"."PROFESOR" ("PROF_ID") ENABLE;
  ALTER TABLE "HOMESCHOOL"."MATERIA" ADD CONSTRAINT "FK_MATERIA_RELATIONS_GRADO" FOREIGN KEY ("GRA_ID")
	  REFERENCES "HOMESCHOOL"."GRADO" ("GRA_ID") ENABLE;
--------------------------------------------------------
--  Ref Constraints for Table MATRICULA
--------------------------------------------------------

  ALTER TABLE "HOMESCHOOL"."MATRICULA" ADD CONSTRAINT "FK_MATRICUL_MATRICULA_ESTUDIAN" FOREIGN KEY ("EST_ID")
	  REFERENCES "HOMESCHOOL"."ESTUDIANTE" ("EST_ID") ENABLE;
  ALTER TABLE "HOMESCHOOL"."MATRICULA" ADD CONSTRAINT "FK_MATRICUL_MATRICULA_MATERIA" FOREIGN KEY ("MAT_ID")
	  REFERENCES "HOMESCHOOL"."MATERIA" ("MAT_ID") ENABLE;
--------------------------------------------------------
--  Ref Constraints for Table PROFESOR
--------------------------------------------------------

  ALTER TABLE "HOMESCHOOL"."PROFESOR" ADD CONSTRAINT "FK_PROFESOR_ES_UN2_USUARIO" FOREIGN KEY ("PROF_ID")
	  REFERENCES "HOMESCHOOL"."USUARIO" ("USU_ID") ENABLE;
--------------------------------------------------------
--  Ref Constraints for Table TEMA_ESTUDIANTE
--------------------------------------------------------

  ALTER TABLE "HOMESCHOOL"."TEMA_ESTUDIANTE" ADD CONSTRAINT "FK_TEMA_EST_TEMA_ESTU_ESTUDIAN" FOREIGN KEY ("EST_ID")
	  REFERENCES "HOMESCHOOL"."ESTUDIANTE" ("EST_ID") ENABLE;
  ALTER TABLE "HOMESCHOOL"."TEMA_ESTUDIANTE" ADD CONSTRAINT "FK_TEMA_EST_TEMA_ESTU_TEMAS" FOREIGN KEY ("TEM_ID", "MAT_ID")
	  REFERENCES "HOMESCHOOL"."TEMAS" ("TEM_ID", "MAT_ID") ENABLE;
--------------------------------------------------------
--  Ref Constraints for Table TEMAS
--------------------------------------------------------

  ALTER TABLE "HOMESCHOOL"."TEMAS" ADD CONSTRAINT "FK_TEMAS_RELATIONS_MATERIA" FOREIGN KEY ("MAT_ID")
	  REFERENCES "HOMESCHOOL"."MATERIA" ("MAT_ID") ENABLE;
--------------------------------------------------------
--  Ref Constraints for Table USUARIO
--------------------------------------------------------

  ALTER TABLE "HOMESCHOOL"."USUARIO" ADD CONSTRAINT "FK_USUARIO_RELATIONS_CENTRO_E" FOREIGN KEY ("CEN_EDU_NIT")
	  REFERENCES "HOMESCHOOL"."CENTRO_EDUCATIVO" ("CEN_EDU_NIT") ENABLE;
--------------------------------------------------------
--  DDL for Package GESTIONAR_ACTIVIDAD_ESTUDIANTE
--------------------------------------------------------

  CREATE OR REPLACE PACKAGE "HOMESCHOOL"."GESTIONAR_ACTIVIDAD_ESTUDIANTE" 
AS
type t_cursor
IS
  ref
  CURSOR;
    PROCEDURE get_all_actividad_estudiant(
        cursorActividadEstudiante OUT t_cursor);
    PROCEDURE insertar_actividad_estudiante(
        rel_act_est_id     NUMBER,
        estudiante_id      NUMBER,
        actividad_eva_id   NUMBER,
        tema_id            NUMBER,
        materia_id         NUMBER,
        rel_actividad_nota NUMBER ,
        ejecuto OUT NUMBER);
    PROCEDURE actualizar_actividad_estudiant(
        rel_act_est_id     NUMBER,
        estudiante_id      NUMBER,
        actividad_eva_id   NUMBER,
        tema_id            NUMBER,
        materia_id         NUMBER,
        rel_actividad_nota NUMBER ,
        ejecuto OUT NUMBER);
    PROCEDURE eliminar_actividad_estudiante(
        rel_act_est_id NUMBER,
        ejecuto OUT NUMBER);
  END gestionar_actividad_estudiante;
  -------------------------------------------------------

/
--------------------------------------------------------
--  DDL for Package GESTIONAR_ACTIVIDADESTUDIANTE
--------------------------------------------------------

  CREATE OR REPLACE PACKAGE "HOMESCHOOL"."GESTIONAR_ACTIVIDADESTUDIANTE" as
        type t_cursor is ref cursor;
        procedure getAllActividadesEstudiante(cursorTemaEstudiante out t_cursor);
        procedure  insertarActividadEstudiante(REL_ACT_ID NUMBER,EST_ID NUMBER,ACT_EVA_ID NUMBER,TEM_ID NUMBER,MAT_ID NUMBER,REL_ACT_NOTA NUMBER ,EJECUTO OUT NUMBER);
        procedure  actualizarActividadEstudiante(REL_ACT_ID NUMBER,EST_ID NUMBER,ACT_EVA_ID NUMBER,TEM_ID NUMBER,MAT_ID NUMBER,REL_ACT_NOTA NUMBER ,EJECUTO OUT NUMBER);
        procedure eliminarActividadEstudiante(REL_ACT_ID NUMBER, EJECUTO OUT NUMBER);
end Gestionar_ActividadEstudiante;

/
--------------------------------------------------------
--  DDL for Package GESTIONAR_ACTIVIDAD_EVALUATIVA
--------------------------------------------------------

  CREATE OR REPLACE PACKAGE "HOMESCHOOL"."GESTIONAR_ACTIVIDAD_EVALUATIVA" 
AS
type t_cursor
IS
  ref
  CURSOR;
    PROCEDURE get_all_actividad_evaluativa(
        cursorActividadEvaluativa OUT t_cursor);
    PROCEDURE insertar_actividad_evaluativa(
        actividad_eva_id       NUMBER,
        tema_id                NUMBER,
        materia_id             NUMBER,
        actividad_eva_nombre   VARCHAR2,
        actividad_fecha_inicio DATE,
        actividad_eva_fin      DATE,
        actividad_eva_         VARCHAR2,
        actividad_eva_foto     VARCHAR2,
        ejecuto OUT NUMBER);
    PROCEDURE actualizar_actividad_evaluati(
        actividad_eva_id       NUMBER,
        tema_id                NUMBER,
        materia_id             NUMBER,
        actividad_eva_nombre   VARCHAR2,
        actividad_fecha_inicio DATE,
        actividad_eva_fin      DATE,
        actividad_eva_         VARCHAR2,
        actividad_eva_foto     VARCHAR2,
        ejecuto OUT NUMBER);
    PROCEDURE eliminar_actividad_evaluativa(
        actividad_eva_id NUMBER,
        ejecuto OUT NUMBER);
  END gestionar_actividad_evaluativa;

/
--------------------------------------------------------
--  DDL for Package GESTIONAR_ACTIVIDADEVALUATIVA
--------------------------------------------------------

  CREATE OR REPLACE PACKAGE "HOMESCHOOL"."GESTIONAR_ACTIVIDADEVALUATIVA" as
        type t_cursor is ref cursor;
        procedure getAllActividadEvaluativas(cursorActividadEvaluativa out t_cursor);
        procedure  insertar(ACT_EVA_ID NUMBER,TEM_ID NUMBER,MAT_ID NUMBER,ACT_EVA_NOMBRE VARCHAR2,ACT_EVA_FECHA_INICIO DATE,ACT_EVA_FIN DATE,ACT_EVA_ VARCHAR2,ACT_EVA_FOTO VARCHAR2,EJECUTO OUT NUMBER);
        procedure  actualizarActividadEvaluativa(ACT_EVA_ID NUMBER,TEM_ID NUMBER,MAT_ID NUMBER,ACT_EVA_NOMBRE VARCHAR2,ACT_EVA_FECHA_INICIO DATE,ACT_EVA_FIN DATE,ACT_EVA_ VARCHAR2,ACT_EVA_FOTO VARCHAR2,EJECUTO OUT NUMBER);
        procedure eliminarActividadEvaluativa(ACT_EVA_ID NUMBER, EJECUTO OUT NUMBER);
end Gestionar_ActividadEvaluativa;

/
--------------------------------------------------------
--  DDL for Package GESTIONAR_ACUDIENTE
--------------------------------------------------------

  CREATE OR REPLACE PACKAGE "HOMESCHOOL"."GESTIONAR_ACUDIENTE" 
AS
type t_cursor
IS
  ref
  CURSOR;
    PROCEDURE get_all_acudientes(
        cursorAcudiente OUT t_cursor);
    PROCEDURE insertar_acudiente(
        acudiente_tipo_ident VARCHAR2,
        acu_numero_ident     NUMBER,
        acu_nombre_completo  VARCHAR2,
        ecudiente_email      VARCHAR2,
        acudiente_telefono   VARCHAR2,
        ejecuto OUT NUMBER);
    PROCEDURE actualizar_acudiente(
        acudiente_tipo_ident VARCHAR2,
        acu_numero_ident     NUMBER,
        acu_nombre_completo  VARCHAR2,
        ecudiente_email      VARCHAR2,
        acudiente_telefono   VARCHAR2,
        ejecuto OUT NUMBER);
    PROCEDURE eliminar_acudiente(
        acu_numero_ident NUMBER,
        ejecuto OUT NUMBER);
  END gestionar_acudiente;

/
--------------------------------------------------------
--  DDL for Package GESTIONAR_CENTRO_EDUCATIVO
--------------------------------------------------------

  CREATE OR REPLACE PACKAGE "HOMESCHOOL"."GESTIONAR_CENTRO_EDUCATIVO" 
AS
type t_cursor
IS
  ref
  CURSOR;
    PROCEDURE mostrar_centro_educativo(
        cursorInstitucion OUT t_cursor);
    PROCEDURE insertar_centro_educativo(
        nit_centro_educativo       VARCHAR2,
        nombre_centro_educativo    VARCHAR2,
        ciudad_centro_educativo    VARCHAR2,
        telefono_centro_educativo  VARCHAR2,
        direccion_centro_educativo VARCHAR2,
        ejecuto OUT NUMBER);
    PROCEDURE actualizar_centro_educativo(
        nit_centro_educativo       VARCHAR2,
        nombre_centro_educativo    VARCHAR2,
        ciudad_centro_educativo    VARCHAR2,
        telefono_centro_educativo  VARCHAR2,
        direccion_centro_educativo VARCHAR2,
        ejecuto OUT NUMBER);
    PROCEDURE eliminar_centro_educativo(
        nit_centro_educativo VARCHAR2,
        ejecuto OUT NUMBER);
  END gestionar_centro_educativo;

/
--------------------------------------------------------
--  DDL for Package GESTIONAR_ESTUDIANTE
--------------------------------------------------------

  CREATE OR REPLACE PACKAGE "HOMESCHOOL"."GESTIONAR_ESTUDIANTE" 
AS
type t_cursor
IS
  ref
  CURSOR;
    PROCEDURE get_all_estudiantes(
        cursorEstudiante OUT t_cursor);
    PROCEDURE insertar_estudiante(
        estudiante_id    NUMBER,
        acu_numero_ident NUMBER,
        grado_id         NUMBER,
        ejecuto OUT NUMBER);
    PROCEDURE actualizar_estudiante(
        estudiante_id    NUMBER,
        acu_numero_ident NUMBER,
        grado_id         NUMBER,
        ejecuto OUT NUMBER);
    PROCEDURE eliminar_estudiante(
        estudiante_id NUMBER,
        ejecuto OUT NUMBER);
  END gestionar_estudiante;

/
--------------------------------------------------------
--  DDL for Package GESTIONAR_TEMA_ESTUDIANTE
--------------------------------------------------------

  CREATE OR REPLACE PACKAGE "HOMESCHOOL"."GESTIONAR_TEMA_ESTUDIANTE" 
AS
type t_cursor
IS
  ref
  CURSOR;
    PROCEDURE get_all_temas_estudiante(
        cursorTemaEstudiante OUT t_cursor);
    PROCEDURE insertar_tema_estudiante(
        rel_tema_est_id  NUMBER,
        estudiante_id       NUMBER,
        tema_id       NUMBER,
        materia_id       NUMBER,
        rel_tema_nota NUMBER,
        ejecuto OUT NUMBER);
    PROCEDURE actualizar_tema_estudiante(
        rel_tema_est_id  NUMBER,
        estudiante_id       NUMBER,
        tema_id       NUMBER,
        materia_id       NUMBER,
        rel_tema_nota NUMBER,
        ejecuto OUT NUMBER);
    PROCEDURE eliminar_tema_estudiante(
        rel_tema_est_id NUMBER,
        ejecuto OUT NUMBER);
  END gestionar_tema_estudiante;

/
--------------------------------------------------------
--  DDL for Package GESTIONAR_TEMAESTUDIANTE
--------------------------------------------------------

  CREATE OR REPLACE PACKAGE "HOMESCHOOL"."GESTIONAR_TEMAESTUDIANTE" as
        type t_cursor is ref cursor;
        procedure getAllTemasEstudiante(cursorTemaEstudiante out t_cursor);
        procedure  insertarTemaEstudiante(REL_TEMA_ID NUMBER,EST_ID NUMBER,TEM_ID NUMBER,MAT_ID NUMBER,REL_TEM_NOTA NUMBER,EJECUTO OUT NUMBER);
        procedure  actualizarTemaEstudiante(REL_TEMA_ID NUMBER,EST_ID NUMBER,TEM_ID NUMBER,MAT_ID NUMBER,REL_TEM_NOTA NUMBER,EJECUTO OUT NUMBER);
        procedure eliminarTemaEstudiante(REL_TEMA_ID NUMBER, EJECUTO OUT NUMBER);
end Gestionar_TemaEstudiante;

/
--------------------------------------------------------
--  DDL for Package Body GESTIONAR_ACTIVIDAD_ESTUDIANTE
--------------------------------------------------------

  CREATE OR REPLACE PACKAGE BODY "HOMESCHOOL"."GESTIONAR_ACTIVIDAD_ESTUDIANTE" 
AS
  PROCEDURE get_all_actividad_estudiant(
      cursorActividadEstudiante OUT t_cursor)
  IS
  BEGIN
    OPEN cursorActividadEstudiante FOR SELECT * FROM ACTIVIDAD_ESTUDIANTE;
  END get_all_actividad_estudiant;
--------------------
  PROCEDURE insertar_actividad_estudiante(
      rel_act_est_id     NUMBER,
      estudiante_id      NUMBER,
      actividad_eva_id   NUMBER,
      tema_id            NUMBER,
      materia_id         NUMBER,
      rel_actividad_nota NUMBER ,
      ejecuto OUT NUMBER)
  IS
  BEGIN
    INSERT
    INTO ACTIVIDAD_ESTUDIANTE
      (
        REL_ACT_ID ,
        EST_ID ,
        ACT_EVA_ID ,
        TEM_ID ,
        MAT_ID ,
        REL_ACT_NOTA
      )
      VALUES
      (
        rel_act_est_id ,
        estudiante_id ,
        actividad_eva_id ,
        tema_id ,
        materia_id ,
        rel_actividad_nota
      );
  IF SQL%rowcount > 0 THEN
    ejecuto      := 1;
  ELSE
    ejecuto := 0;
  END IF;
COMMIT;
EXCEPTION
WHEN OTHERS THEN
  raise_application_error(-20100, 'Error al insertar los  datos en la tabla tema actividad estudiante: ' || sqlerrm);
END insertar_actividad_estudiante;
-------------------------------------------------------------
PROCEDURE actualizar_actividad_estudiant
  (
    rel_act_est_id     NUMBER,
    estudiante_id      NUMBER,
    actividad_eva_id   NUMBER,
    tema_id            NUMBER,
    materia_id         NUMBER,
    rel_actividad_nota NUMBER ,
    ejecuto OUT NUMBER
  )
IS
BEGIN
  UPDATE ACTIVIDAD_ESTUDIANTE
  SET REL_ACT_ID   = rel_act_est_id,
    EST_ID         = estudiante_id,
    ACT_EVA_ID     = actividad_eva_id,
    TEM_ID         = tema_id,
    MAT_ID         = materia_id ,
    REL_ACT_NOTA   = rel_actividad_nota
  WHERE REL_ACT_ID = rel_act_est_id;
  IF SQL%rowcount  > 0 THEN
    ejecuto       := 1;
  ELSE
    ejecuto := 0;
  END IF;
  COMMIT;
EXCEPTION
WHEN OTHERS THEN
  raise_application_error(-20100, 'Error al actualizar datos de la tabla tema actividad estudiante: ' || sqlerrm);
END actualizar_actividad_estudiant;
----------------------------------------------
PROCEDURE eliminar_actividad_estudiante(
    rel_act_est_id NUMBER,
    ejecuto OUT NUMBER)
IS
BEGIN
  DELETE FROM ACTIVIDAD_ESTUDIANTE WHERE REL_ACT_ID = rel_act_est_id;
  IF SQL%rowcount > 0 THEN
    ejecuto      := 1;
  ELSE
    ejecuto := 0;
  END IF;
  COMMIT;
EXCEPTION
WHEN OTHERS THEN
  raise_application_error(-20100, 'Error al eliminar datos de la tabla actividad estudiante: ' || sqlerrm);
END eliminar_actividad_estudiante;
END gestionar_actividad_estudiante;

/
--------------------------------------------------------
--  DDL for Package Body GESTIONAR_ACTIVIDADESTUDIANTE
--------------------------------------------------------

  CREATE OR REPLACE PACKAGE BODY "HOMESCHOOL"."GESTIONAR_ACTIVIDADESTUDIANTE" AS

    PROCEDURE getAllActividadesEstudiante(cursorActividadEstudiante OUT t_cursor) IS
    BEGIN
        OPEN cursorActividadEstudiante FOR SELECT * FROM ACTIVIDAD_ETUDIANTE;
    END getAllActividadesEstudiante;
    
    --------------------
    
    PROCEDURE insertarActividadEstudiante (REL_ACT_ID NUMBER,EST_ID NUMBER,ACT_EVA_ID NUMBER,TEM_ID NUMBER,MAT_ID NUMBER,REL_ACT_NOTA NUMBER ,EJECUTO OUT NUMBER)
    IS BEGIN
        INSERT INTO ACTIVIDAD_ESTUDIANTE (REL_ACT_ID ,EST_ID ,ACT_EVA_ID ,TEM_ID ,MAT_ID ,REL_ACT_NOTA )
        VALUES (REL_ACT_ID ,EST_ID ,ACT_EVA_ID ,TEM_ID ,MAT_ID ,REL_ACT_NOTA );
        
          IF SQL%rowcount > 0 THEN
            EJECUTO := 1;
                ELSE
                    EJECUTO := 0;
                END IF;

        COMMIT;
            EXCEPTION
                WHEN OTHERS THEN
                    raise_application_error(-20100, 'Error al insertar los  datos en la tabla tema actividad estudiante: ' || sqlerrm);

        END insertarActividadEstudiante;
        
        
        
    PROCEDURE actualizarActividadEstudiante(REL_ACT_ID NUMBER,EST_ID NUMBER,ACT_EVA_ID NUMBER,TEM_ID NUMBER,MAT_ID NUMBER,REL_ACT_NOTA NUMBER ,EJECUTO OUT NUMBER)
    IS 
        REL_ACT_ID_ NUMBER;
        EST_ID_ NUMBER;
        ACT_EVA_ID_ NUMBER;
        TEM_ID_ NUMBER;
        MAT_ID_ NUMBER;
        REL_ACT_NOTA_ NUMBER;
        
    BEGIN
        
        REL_ACT_ID_ := REL_ACT_ID ;
        EST_ID_ := EST_ID;
        ACT_EVA_ID_ := ACT_EVA_ID;
        TEM_ID_ := TEM_ID ;
        MAT_ID_ := MAT_ID ;
        REL_ACT_NOTA_ := REL_ACT_NOTA;
        
        UPDATE ACTIVIDAD_ESTUDIANTE
        SET
        REL_ACT_ID = REL_ACT_ID_,
        EST_ID = EST_ID_,
        ACT_EVA_ID = ACT_EVA_ID_,
        TEM_ID = TEM_ID_,
        MAT_ID = MAT_ID_ ,
        REL_ACT_NOTA = REL_ACT_NOTA_
        WHERE
            REL_ACT_ID = REL_ACT_ID_;
        
          IF SQL%rowcount > 0 THEN
            EJECUTO := 1;
                ELSE
                    EJECUTO := 0;
                END IF;

        COMMIT;
            EXCEPTION
                WHEN OTHERS THEN
                    raise_application_error(-20100, 'Error al actualizar datos de la tabla tema actividad estudiante: ' || sqlerrm);

        END actualizarActividadEstudiante;
        
        
     PROCEDURE eliminarActividadEstudiante (REL_ACT_ID NUMBER,EJECUTO OUT NUMBER)
    IS 
      ID_ NUMBER;
    BEGIN
        ID_ := REL_ACT_ID;
        DELETE FROM ACTIVIDAD_ESTUDIANTE
        WHERE 
            REL_ACT_ID = ID_;
        
          IF SQL%rowcount > 0 THEN
            EJECUTO := 1;
                ELSE
                    EJECUTO := 0;
                END IF;

        COMMIT;
            EXCEPTION
                WHEN OTHERS THEN
                    raise_application_error(-20100, 'Error al eliminar datos de la tabla actividad estudiante: ' || sqlerrm);

        END eliminarActividadEstudiante;

END Gestionar_ActividadEstudiante;

/
--------------------------------------------------------
--  DDL for Package Body GESTIONAR_ACTIVIDAD_EVALUATIVA
--------------------------------------------------------

  CREATE OR REPLACE PACKAGE BODY "HOMESCHOOL"."GESTIONAR_ACTIVIDAD_EVALUATIVA" 
AS
  PROCEDURE get_all_actividad_evaluativa(
      cursorActividadEvaluativa OUT t_cursor)
  IS
  BEGIN
    OPEN cursorActividadEvaluativa FOR SELECT * FROM ACTIVIDAD_EVALUATIVA;
  END get_all_actividad_evaluativa;
--------------------
  PROCEDURE insertar_actividad_evaluativa(
      actividad_eva_id       NUMBER,
      tema_id                NUMBER,
      materia_id             NUMBER,
      actividad_eva_nombre   VARCHAR2,
      actividad_fecha_inicio DATE,
      actividad_eva_fin      DATE,
      actividad_eva_         VARCHAR2,
      actividad_eva_foto     VARCHAR2,
      ejecuto OUT NUMBER)
  IS
  BEGIN
    INSERT
    INTO ACTIVIDAD_EVALUATIVA
      (
        ACT_EVA_ID,
        TEM_ID,
        MAT_ID,
        ACT_EVA_NOMBRE,
        ACT_EVA_FECHA_INICIO,
        ACT_EVA_FECHA_FIN,
        ACT_EVA_OBSERVACION,
        ACT_EVA_FOTO
      )
      VALUES
      (
        actividad_eva_id ,
        tema_id ,
        materia_id ,
        actividad_eva_nombre ,
        actividad_fecha_inicio ,
        actividad_eva_fin ,
        actividad_eva_ ,
        actividad_eva_foto
      );
  IF SQL%rowcount > 0 THEN
    ejecuto      := 1;
  ELSE
    ejecuto := 0;
  END IF;
COMMIT;
EXCEPTION
WHEN OTHERS THEN
  raise_application_error(-20100, 'Error al insertar los  datos en la tabla tema actividad evaluativa: ' || sqlerrm);
END insertar_actividad_evaluativa;
--------------------------------------------
PROCEDURE actualizar_actividad_evaluati
  (
    actividad_eva_id       NUMBER,
    tema_id                NUMBER,
    materia_id             NUMBER,
    actividad_eva_nombre   VARCHAR2,
    actividad_fecha_inicio DATE,
    actividad_eva_fin      DATE,
    actividad_eva_         VARCHAR2,
    actividad_eva_foto     VARCHAR2,
    ejecuto OUT NUMBER
  )
IS
BEGIN
  UPDATE ACTIVIDAD_EVALUATIVA
  SET ACT_EVA_ID         = actividad_eva_id,
    TEM_ID               = tema_id,
    MAT_ID               = materia_id,
    ACT_EVA_NOMBRE       = actividad_eva_nombre,
    ACT_EVA_FECHA_INICIO = actividad_fecha_inicio,
    ACT_EVA_FECHA_FIN    = actividad_eva_fin,
    ACT_EVA_OBSERVACION             = actividad_eva_,
    ACT_EVA_FOTO         = actividad_eva_foto
  WHERE ACT_EVA_ID       = actividad_eva_id;
  IF SQL%rowcount        > 0 THEN
    ejecuto             := 1;
  ELSE
    ejecuto := 0;
  END IF;
  COMMIT;
EXCEPTION
WHEN OTHERS THEN
  raise_application_error(-20100, 'Error al actualizar datos de la tabla tema actividad evaluativa: ' || sqlerrm);
END actualizar_actividad_evaluati;
----------------------------------------------------
PROCEDURE eliminar_actividad_evaluativa(
    actividad_eva_id NUMBER,
    ejecuto OUT NUMBER)
IS
BEGIN
  DELETE FROM ACTIVIDAD_EVALUATIVA WHERE ACT_EVA_ID = actividad_eva_id;
  IF SQL%rowcount > 0 THEN
    ejecuto      := 1;
  ELSE
    ejecuto := 0;
  END IF;
  COMMIT;
EXCEPTION
WHEN OTHERS THEN
  raise_application_error(-20100, 'Error al eliminar datos de la tabla actividad evaluativa: ' || sqlerrm);
END eliminar_actividad_evaluativa;
END gestionar_actividad_evaluativa;

/
--------------------------------------------------------
--  DDL for Package Body GESTIONAR_ACTIVIDADEVALUATIVA
--------------------------------------------------------

  CREATE OR REPLACE PACKAGE BODY "HOMESCHOOL"."GESTIONAR_ACTIVIDADEVALUATIVA" AS

    PROCEDURE getAllActividadEvaluativas(cursorActividadEvaluativa OUT t_cursor) IS
    BEGIN
        OPEN cursorActividadEvaluativa FOR SELECT * FROM ACTIVIDAD_EVALUATIVA;
    END getAllActividadEvaluativas;
    
    --------------------
    
    PROCEDURE insertar(ACT_EVA_ID NUMBER,TEM_ID NUMBER,MAT_ID NUMBER,ACT_EVA_NOMBRE VARCHAR2,ACT_EVA_FECHA_INICIO DATE,ACT_EVA_FECHA_FIN DATE,ACT_EVA_ VARCHAR2,ACT_EVA_FOTO VARCHAR2,EJECUTO OUT NUMBER)
    IS BEGIN
        INSERT INTO ACTIVIDAD_EVALUATIVA (ACT_EVA_ID ,TEM_ID ,MAT_ID ,ACT_EVA_NOMBRE ,ACT_EVA_FECHA_INICIO ,ACT_EVA_FECHA_FIN ,ACT_EVA_ ,ACT_EVA_FOTO)
        VALUES (ACT_EVA_ID ,TEM_ID ,MAT_ID ,ACT_EVA_NOMBRE ,ACT_EVA_FECHA_INICIO ,ACT_EVA_FECHA_FIN ,ACT_EVA_ ,ACT_EVA_FOTO);
        
          IF SQL%rowcount > 0 THEN
            EJECUTO := 1;
                ELSE
                    EJECUTO := 0;
                END IF;

        COMMIT;
            EXCEPTION
                WHEN OTHERS THEN
                    raise_application_error(-20100, 'Error al insertar los  datos en la tabla tema actividad evaluativa: ' || sqlerrm);

        END insertar;
        
        
        
    PROCEDURE actualizarActividadEvaluativa(ACT_EVA_ID NUMBER,TEM_ID NUMBER,MAT_ID NUMBER,ACT_EVA_NOMBRE VARCHAR2,ACT_EVA_FECHA_INICIO DATE,ACT_EVA_FECHA_FIN DATE,ACT_EVA_ VARCHAR2,ACT_EVA_FOTO VARCHAR2,EJECUTO OUT NUMBER)
    IS 
        ACT_EVA_ID_ NUMBER;
        TEM_ID_ NUMBER;
        MAT_ID_ NUMBER;
        ACT_EVA_NOMBRE_ VARCHAR2;
        ACT_EVA_FECHA_INICIO_ DATE;
        ACT_EVA_FECHA_FIN_ DATE;
        ACT_EVA__ VARCHAR2;
        ACT_EVA_FOTO_ VARCHAR2;
        
    BEGIN
        
        ACT_EVA_ID_ := ACT_EVA_ID ;
        TEM_ID_ := TEM_ID;
        MAT_ID_ := MAT_ID;
        ACT_EVA_NOMBRE_ := ACT_EVA_NOMBRE;
        ACT_EVA_FECHA_INICIO_ := ACT_EVA_FECHA_INICIO;
        ACT_EVA_FECHA_FIN_ := ACT_EVA_FECHA_FIN;
        ACT_EVA__ := ACT_EVA_;
        ACT_EVA_FOTO_ := ACT_EVA_FOTO;
    
        UPDATE ACTIVIDAD_EVALUATIVA
        SET
        ACT_EVA_ID = ACT_EVA_ID_,
        TEM_ID  =  TEM_ID_,
        MAT_ID = MAT_ID,
        ACT_EVA_NOMBRE = ACT_EVA_NOMBRE,
        ACT_EVA_FECHA_INICIO = ACT_EVA_FECHA_INICIO,
        ACT_EVA_FECHA_FIN = ACT_EVA_FECHA_FIN,
        ACT_EVA_ = ACT_EVA__,
        ACT_EVA_FOTO = ACT_EVA_FOTO
        WHERE
            ACT_EVA_ID = ACT_EVA_ID_;
        
          IF SQL%rowcount > 0 THEN
            EJECUTO := 1;
                ELSE
                    EJECUTO := 0;
                END IF;

        COMMIT;
            EXCEPTION
                WHEN OTHERS THEN
                    raise_application_error(-20100, 'Error al actualizar datos de la tabla tema actividad evaluativa: ' || sqlerrm);

        END actualizarActividadEvaluativa;
        
        
     PROCEDURE eliminarActividadEvaluativa (ACT_EVA_ID NUMBER,EJECUTO OUT NUMBER)
    IS 
      ID_ NUMBER;
    BEGIN
        ID_ := ACT_EVA_ID;
        DELETE FROM ACTIVIDAD_EVALUATIVA 
        WHERE 
            ACT_EVA_ID = ID_;
        
          IF SQL%rowcount > 0 THEN
            EJECUTO := 1;
                ELSE
                    EJECUTO := 0;
                END IF;

        COMMIT;
            EXCEPTION
                WHEN OTHERS THEN
                    raise_application_error(-20100, 'Error al eliminar datos de la tabla actividad evaluativa: ' || sqlerrm);

        END eliminarActividadEvaluativa;
        
        

END Gestionar_ActividadEvaluativa;

/
--------------------------------------------------------
--  DDL for Package Body GESTIONAR_ACUDIENTE
--------------------------------------------------------

  CREATE OR REPLACE PACKAGE BODY "HOMESCHOOL"."GESTIONAR_ACUDIENTE" 
AS
  PROCEDURE get_all_acudientes(
      cursorAcudiente OUT t_cursor)
  IS
  BEGIN
    OPEN cursorAcudiente FOR SELECT * FROM ACUDIENTE;
  END get_all_acudientes;
  PROCEDURE insertar_acudiente(
      acudiente_tipo_ident VARCHAR2,
      acu_numero_ident     NUMBER,
      acu_nombre_completo  VARCHAR2,
      ecudiente_email      VARCHAR2,
      acudiente_telefono   VARCHAR2,
      ejecuto OUT NUMBER)
  IS
  BEGIN
    INSERT
    INTO ACUDIENTE
      (
        ACU_TIPO_IDENTIFICACION,
        ACU_NUMERO_IDENTIFICACION,
        ACU_NOMBRE_COMPLETO,
        ACU_EMAIL,
        ACU_TELEFONO
        
        
      )
      VALUES
      (
        acudiente_tipo_ident ,
        acu_numero_ident ,
        acu_nombre_completo ,
        ecudiente_email ,
        acudiente_telefono
      );
  IF SQL%rowcount > 0 THEN
    ejecuto      := 1;
  ELSE
    ejecuto := 0;
  END IF;
COMMIT;
EXCEPTION
WHEN OTHERS THEN
  raise_application_error(-20100, 'Error al insertar los  datos del acudiente: ' || sqlerrm);
END insertar_acudiente;
PROCEDURE actualizar_acudiente
  (
    acudiente_tipo_ident VARCHAR2,
    acu_numero_ident     NUMBER,
    acu_nombre_completo  VARCHAR2,
    ecudiente_email      VARCHAR2,
    acudiente_telefono   VARCHAR2,
    ejecuto OUT NUMBER
  )
IS
BEGIN
  UPDATE ACUDIENTE
  SET ACU_TIPO_IDENTIFICACION     = acudiente_tipo_ident,
    ACU_NUMERO_IDENTIFICACION     = acu_numero_ident,
    ACU_NOMBRE_COMPLETO           = acu_nombre_completo,
    ACU_EMAIL                     = acu_email,
    ACU_TELEFONO                  = acudiente_telefono
  WHERE ACU_NUMERO_IDENTIFICACION = acu_numero_ident;
  IF SQL%rowcount                 > 0 THEN
    ejecuto                      := 1;
  ELSE
    ejecuto := 0;
  END IF;
  COMMIT;
EXCEPTION
WHEN OTHERS THEN
  raise_application_error(-20100, 'Error al actualizar datos del acudiente: ' || sqlerrm);
END actualizar_acudiente;
PROCEDURE eliminar_acudiente(
    acu_numero_ident NUMBER,
    ejecuto OUT NUMBER)
IS
BEGIN
  DELETE FROM ACUDIENTE WHERE ACU_NUMERO_IDENTIFICACION = acu_numero_ident;
  IF SQL%rowcount > 0 THEN
    ejecuto      := 1;
  ELSE
    ejecuto := 0;
  END IF;
  COMMIT;
EXCEPTION
WHEN OTHERS THEN
  raise_application_error(-20100, 'Error al eliminar datos de acudiente: ' || sqlerrm);
END eliminar_acudiente;
END gestionar_acudiente;

/
--------------------------------------------------------
--  DDL for Package Body GESTIONAR_CENTRO_EDUCATIVO
--------------------------------------------------------

  CREATE OR REPLACE PACKAGE BODY "HOMESCHOOL"."GESTIONAR_CENTRO_EDUCATIVO" 
AS
  PROCEDURE mostrar_centro_educativo(
      cursorInstitucion OUT t_cursor)
  IS
  BEGIN
    OPEN cursorInstitucion FOR SELECT * FROM CENTRO_EDUCATIVO;
  END mostrar_centro_educativo;
--------------------
  PROCEDURE insertar_centro_educativo(
      nit_centro_educativo       VARCHAR2,
      nombre_centro_educativo    VARCHAR2,
      ciudad_centro_educativo    VARCHAR2,
      telefono_centro_educativo  VARCHAR2,
      direccion_centro_educativo VARCHAR2,
      ejecuto OUT NUMBER)
  IS
  BEGIN
    INSERT
    INTO CENTRO_EDUCATIVO
      (
        CEN_EDU_NIT,
        CEN_EDU_NOMBRE,
        CEN_EDU_CIUDAD,
        CEN_EDU_TELEFONO,
        CEN_EDU_DIRECCION
      )
      VALUES
      (
        nit_centro_educativo,
        nombre_centro_educativo,
        ciudad_centro_educativo,
        telefono_centro_educativo,
        direccion_centro_educativo
      );
  IF SQL%rowcount > 0 THEN
    ejecuto      := 1;
  ELSE
    ejecuto := 0;
  END IF;
COMMIT;
EXCEPTION
WHEN OTHERS THEN
  raise_application_error(-20100, 'Error al insertar los  datos de la  institución: ' || sqlerrm);
END insertar_centro_educativo;
PROCEDURE actualizar_centro_educativo
  (
    nit_centro_educativo       VARCHAR2,
    nombre_centro_educativo    VARCHAR2,
    ciudad_centro_educativo    VARCHAR2,
    telefono_centro_educativo  VARCHAR2,
    direccion_centro_educativo VARCHAR2,
    ejecuto OUT NUMBER
  )
IS
BEGIN
  UPDATE CENTRO_EDUCATIVO
  SET CEN_EDU_NIT     = nit_centro_educativo,
    CEN_EDU_NOMBRE    = nombre_centro_educativo,
    CEN_EDU_CIUDAD    = ciudad_centro_educativo,
    CEN_EDU_TELEFONO  = telefono_centro_educativo,
    CEN_EDU_DIRECCION = direccion_centro_educativo
  WHERE CEN_EDU_NIT   = nit_centro_educativo;
  IF SQL%rowcount     > 0 THEN
    ejecuto          := 1;
  ELSE
    ejecuto := 0;
  END IF;
  COMMIT;
EXCEPTION
WHEN OTHERS THEN
  raise_application_error(-20100, 'Error al actualizar datos de la institución  institución: ' || sqlerrm);
END actualizar_centro_educativo;
PROCEDURE eliminar_centro_educativo(
    nit_centro_educativo VARCHAR2,
    ejecuto OUT NUMBER)
IS
BEGIN
  DELETE FROM CENTRO_EDUCATIVO WHERE CEN_EDU_NIT = nit_centro_educativo;
  IF SQL%rowcount > 0 THEN
    ejecuto      := 1;
  ELSE
    ejecuto := 0;
  END IF;
  COMMIT;
EXCEPTION
WHEN OTHERS THEN
  raise_application_error(-20100, 'Error al eliminar datos de la institución institución: ' || sqlerrm);
END eliminar_centro_educativo;
END gestionar_centro_educativo;

/
--------------------------------------------------------
--  DDL for Package Body GESTIONAR_ESTUDIANTE
--------------------------------------------------------

  CREATE OR REPLACE PACKAGE BODY "HOMESCHOOL"."GESTIONAR_ESTUDIANTE" 
AS
  PROCEDURE get_all_estudiantes(
      cursorEstudiante OUT t_cursor)
  IS
  BEGIN
    OPEN cursorEstudiante FOR SELECT * FROM ESTUDIANTE;
  END get_all_estudiantes;
--------------------
  PROCEDURE insertar_estudiante(
      estudiante_id    NUMBER,
        acu_numero_ident NUMBER,
        grado_id         NUMBER,
        ejecuto OUT NUMBER)
  IS
  BEGIN
    INSERT
    INTO ESTUDIANTE
      (
        EST_ID,
        ACU_NUMERO_IDENTIFICACION,
        GRA_ID
      )
      VALUES
      (
        estudiante_id    ,
        acu_numero_ident ,
        grado_id         
      );
  IF SQL%rowcount > 0 THEN
    ejecuto      := 1;
  ELSE
    ejecuto := 0;
  END IF;
COMMIT;
EXCEPTION
WHEN OTHERS THEN
  raise_application_error(-20100, 'Error al insertar los  datos en la tabla institucion: ' || sqlerrm);
END insertar_estudiante;
----------------------------------
PROCEDURE actualizar_estudiante
  (
   estudiante_id    NUMBER,
        acu_numero_ident NUMBER,
        grado_id         NUMBER,
        ejecuto OUT NUMBER
  )
IS
BEGIN
  UPDATE ESTUDIANTE
  SET 
    EST_ID                  = estudiante_id,
    ACU_NUMERO_IDENTIFICACION = acu_numero_ident,
    GRA_ID                    = grado_id
  WHERE EST_ID                = estudiante_id;
  IF SQL%rowcount             > 0 THEN
    ejecuto                  := 1;
  ELSE
    ejecuto := 0;
  END IF;
  COMMIT;
EXCEPTION
WHEN OTHERS THEN
  raise_application_error(-20100, 'Error al actualizar datos de la tabla estudiante: ' || sqlerrm);
END actualizar_estudiante;
-------------------------------
PROCEDURE eliminar_estudiante(
    estudiante_id NUMBER,
    ejecuto OUT NUMBER)
IS
BEGIN
  DELETE FROM ESTUDIANTE WHERE EST_ID = estudiante_id;
  IF SQL%rowcount > 0 THEN
    ejecuto      := 1;
  ELSE
    ejecuto := 0;
  END IF;
  COMMIT;
EXCEPTION
WHEN OTHERS THEN
  raise_application_error(-20100, 'Error al eliminar datos de la tabla estudiante: ' || sqlerrm);
END eliminar_estudiante;
END gestionar_estudiante;

/
--------------------------------------------------------
--  DDL for Package Body GESTIONAR_TEMA_ESTUDIANTE
--------------------------------------------------------

  CREATE OR REPLACE PACKAGE BODY "HOMESCHOOL"."GESTIONAR_TEMA_ESTUDIANTE" 
AS
  PROCEDURE get_all_temas_estudiante(
      cursorTemaEstudiante OUT t_cursor)
  IS
  BEGIN
    OPEN cursorTemaEstudiante FOR SELECT * FROM TEMA_ESTUDIANTE;
  END get_all_temas_estudiante;
--------------------
  PROCEDURE insertar_tema_estudiante(
      rel_tema_est_id  NUMBER,
        estudiante_id       NUMBER,
        tema_id       NUMBER,
        materia_id       NUMBER,
        rel_tema_nota NUMBER,
        ejecuto OUT NUMBER)
  IS
  BEGIN
    INSERT
    INTO TEMA_ESTUDIANTE
      (
        REL_TEMA_ID,
        EST_ID,
        TEM_ID,
        MAT_ID,
        REL_TEM_NOTA
      )
      VALUES
      (
        rel_tema_est_id  ,
        estudiante_id       ,
        tema_id       ,
        materia_id       ,
        rel_tema_nota 
      );
  IF SQL%rowcount > 0 THEN
    ejecuto      := 1;
  ELSE
    ejecuto := 0;
  END IF;
COMMIT;
EXCEPTION
WHEN OTHERS THEN
  raise_application_error(-20100, 'Error al insertar los  datos en la tabla tema estudiante: ' || sqlerrm);
END insertar_tema_estudiante;


PROCEDURE actualizar_tema_estudiante
  (
    rel_tema_est_id  NUMBER,
        estudiante_id       NUMBER,
        tema_id       NUMBER,
        materia_id       NUMBER,
        rel_tema_nota NUMBER,
        ejecuto OUT NUMBER
  )
IS
BEGIN
  UPDATE TEMA_ESTUDIANTE
  SET REL_TEMA_ID   = rel_tema_est_id,
    EST_ID          = estudiante_id,
    TEM_ID          = tema_id,
    MAT_ID          = materia_id,
    REL_TEM_NOTA    = rel_tema_nota
  WHERE REL_TEMA_ID = rel_tema_est_id;
  IF SQL%rowcount   > 0 THEN
    ejecuto        := 1;
  ELSE
    ejecuto := 0;
  END IF;
  COMMIT;
EXCEPTION
WHEN OTHERS THEN
  raise_application_error(-20100, 'Error al actualizar datos de la tabla tema estudiante: ' || sqlerrm);
END actualizar_tema_estudiante;

PROCEDURE eliminar_tema_estudiante(
    rel_tema_est_id NUMBER,
    ejecuto OUT NUMBER)
IS
BEGIN
  DELETE FROM TEMA_ESTUDIANTE WHERE REL_TEMA_ID = rel_tema_est_id;
  IF SQL%rowcount > 0 THEN
    ejecuto      := 1;
  ELSE
    ejecuto := 0;
  END IF;
  COMMIT;
EXCEPTION
WHEN OTHERS THEN
  raise_application_error(-20100, 'Error al eliminar datos de la tabla tema estudiante: ' || sqlerrm);
END eliminar_tema_estudiante;
END gestionar_tema_estudiante;

/
--------------------------------------------------------
--  DDL for Package Body GESTIONAR_TEMAESTUDIANTE
--------------------------------------------------------

  CREATE OR REPLACE PACKAGE BODY "HOMESCHOOL"."GESTIONAR_TEMAESTUDIANTE" AS

    PROCEDURE getAllTemasEstudiante(cursorTemaEstudiante OUT t_cursor) IS
    BEGIN
        OPEN cursorTemaEstudiante FOR SELECT * FROM TEMA_ESTUDIANTE;
    END getAllTemasEstudiante;
    
    --------------------
    
    PROCEDURE insertarTemaEstudiante (REL_TEMA_ID NUMBER,EST_ID NUMBER,TEM_ID NUMBER,MAT_ID NUMBER,REL_TEM_NOTA NUMBER,EJECUTO OUT NUMBER)
    IS BEGIN
        INSERT INTO TEMA_ESTUDIANTE (REL_TEMA_ID,EST_ID,TEM_ID,MAT_ID,REL_TEM_NOTA)
        VALUES (REL_TEMA_ID,EST_ID,TEM_ID,MAT_ID,REL_TEM_NOTA);
        
          IF SQL%rowcount > 0 THEN
            EJECUTO := 1;
                ELSE
                    EJECUTO := 0;
                END IF;

        COMMIT;
            EXCEPTION
                WHEN OTHERS THEN
                    raise_application_error(-20100, 'Error al insertar los  datos en la tabla tema estudiante: ' || sqlerrm);

        END insertarTemaEstudiante;
        
        
        
    PROCEDURE actualizarTemaEstudiante(REL_TEMA_ID NUMBER,EST_ID NUMBER,TEM_ID NUMBER,MAT_ID NUMBER,REL_TEM_NOTA NUMBER,EJECUTO OUT NUMBER)
    IS 
        REL_T_ID NUMBER;
        ES_ID NUMBER;
        TE_ID NUMBER;
        MA_ID NUMBER;
        R_TE_NOTA NUMBER;
    BEGIN
        
        REL_T_ID := REL_TEMA_ID;
        ES_ID := EST_ID;
        TE_ID := TEM_ID;
        MA_ID := MAT_ID;
        R_TE_NOTA := REL_TEM_NOTA;
    
        UPDATE TEMA_ESTUDIANTE
        SET
        REL_TEMA_ID = REL_T_ID,
        EST_ID = ES_ID,
        TEM_ID = TE_ID,
        MAT_ID = MA_ID,
        REL_TEM_NOTA = R_TE_NOTA
        WHERE
            REL_TEMA_ID = REL_T_ID;
        
          IF SQL%rowcount > 0 THEN
            EJECUTO := 1;
                ELSE
                    EJECUTO := 0;
                END IF;

        COMMIT;
            EXCEPTION
                WHEN OTHERS THEN
                    raise_application_error(-20100, 'Error al actualizar datos de la tabla tema estudiante: ' || sqlerrm);

        END actualizarTemaEstudiante;
        
        
     PROCEDURE eliminarTemaEstudiante (REL_TEMA_ID NUMBER,EJECUTO OUT NUMBER)
    IS 
      ID_ NUMBER;
    BEGIN
        ID_ := REL_TEMA_ID;
        DELETE FROM TEMA_ESTUDIANTE 
        WHERE 
            REL_TEMA_ID = ID_;
        
          IF SQL%rowcount > 0 THEN
            EJECUTO := 1;
                ELSE
                    EJECUTO := 0;
                END IF;

        COMMIT;
            EXCEPTION
                WHEN OTHERS THEN
                    raise_application_error(-20100, 'Error al eliminar datos de la tabla tema estudiante: ' || sqlerrm);

        END eliminarTemaEstudiante;

END Gestionar_TemaEstudiante;

/
--------------------------------------------------------
--  DDL for Procedure ELIMINAR
--------------------------------------------------------
set define off;

  CREATE OR REPLACE PROCEDURE "HOMESCHOOL"."ELIMINAR" (CEN_EDU_NIT NUMBER,EJECUTO OUT NUMBER)
    IS 
      NIT NUMBER;
    BEGIN
      NIT :=CEN_EDU_NIT;
        DELETE FROM CENTRO_EDUCATIVO WHERE CEN_EDU_NIT = NIT;
        
          IF SQL%rowcount > 0 THEN
            EJECUTO := 1;
                ELSE
                    EJECUTO := 0;
                END IF;

        COMMIT;
            EXCEPTION
                WHEN OTHERS THEN
                    raise_application_error(-20100, 'Error al eliminar datos de la institución institución: ' || sqlerrm);

        END eliminar;

/
