Insert into HOMESCHOOL.ACTIVIDAD_ESTUDIANTE (REL_ACT_ID,EST_ID,ACT_EVA_ID,TEM_ID,MAT_ID,REL_ACT_NOTA) values ('99941','1061774','54545','11334','1403','5');
Insert into HOMESCHOOL.ACTIVIDAD_ESTUDIANTE (REL_ACT_ID,EST_ID,ACT_EVA_ID,TEM_ID,MAT_ID,REL_ACT_NOTA) values ('99942','1061776','54548','11339','1404','5');
Insert into HOMESCHOOL.ACTIVIDAD_ESTUDIANTE (REL_ACT_ID,EST_ID,ACT_EVA_ID,TEM_ID,MAT_ID,REL_ACT_NOTA) values ('99943','1061775','54549','11339','1404','5');

Insert into HOMESCHOOL.ACTIVIDAD_EVALUATIVA (ACT_EVA_ID,TEM_ID,MAT_ID,ACT_EVA_NOMBRE,ACT_EVA_FECHA_INICIO,ACT_EVA_FECHA_FIN,ACT_EVA_OBSERVACION,ACT_EVA_FOTO) values ('54545','11334','1403','Reconocimiento de los nombres',to_date('12/02/19','DD/MM/RR'),to_date('12/03/19','DD/MM/RR'),'No se para que sera este campo','null');
Insert into HOMESCHOOL.ACTIVIDAD_EVALUATIVA (ACT_EVA_ID,TEM_ID,MAT_ID,ACT_EVA_NOMBRE,ACT_EVA_FECHA_INICIO,ACT_EVA_FECHA_FIN,ACT_EVA_OBSERVACION,ACT_EVA_FOTO) values ('54546','11334','1403','Reconocimito del signo mas',to_date('12/02/19','DD/MM/RR'),to_date('12/03/19','DD/MM/RR'),'No se para que sera este campo','null');
Insert into HOMESCHOOL.ACTIVIDAD_EVALUATIVA (ACT_EVA_ID,TEM_ID,MAT_ID,ACT_EVA_NOMBRE,ACT_EVA_FECHA_INICIO,ACT_EVA_FECHA_FIN,ACT_EVA_OBSERVACION,ACT_EVA_FOTO) values ('54547','11334','1403','Restando',to_date('12/02/19','DD/MM/RR'),to_date('12/03/19','DD/MM/RR'),'No se para que sera este campo','null');
Insert into HOMESCHOOL.ACTIVIDAD_EVALUATIVA (ACT_EVA_ID,TEM_ID,MAT_ID,ACT_EVA_NOMBRE,ACT_EVA_FECHA_INICIO,ACT_EVA_FECHA_FIN,ACT_EVA_OBSERVACION,ACT_EVA_FOTO) values ('54548','11339','1404','Vamoas aprendera diferenciar las vocales',to_date('12/02/19','DD/MM/RR'),to_date('12/03/19','DD/MM/RR'),'No se la funcion de este campo',null);
Insert into HOMESCHOOL.ACTIVIDAD_EVALUATIVA (ACT_EVA_ID,TEM_ID,MAT_ID,ACT_EVA_NOMBRE,ACT_EVA_FECHA_INICIO,ACT_EVA_FECHA_FIN,ACT_EVA_OBSERVACION,ACT_EVA_FOTO) values ('54549','11339','1404','Vamos aprender a deletrear las vocales',to_date('12/02/19','DD/MM/RR'),to_date('12/03/19','DD/MM/RR'),'No se por que observacion',null);

Insert into HOMESCHOOL.ESTUDIANTE (EST_ID,ACU_NUMERO_IDENTIFICACION,GRA_ID) values ('1061774','987','2');
Insert into HOMESCHOOL.ESTUDIANTE (EST_ID,ACU_NUMERO_IDENTIFICACION,GRA_ID) values ('1061775','987','2');
Insert into HOMESCHOOL.ESTUDIANTE (EST_ID,ACU_NUMERO_IDENTIFICACION,GRA_ID) values ('1061776','988','2');


Insert into HOMESCHOOL.TEMA_ESTUDIANTE (REL_TEMA_ID,EST_ID,TEM_ID,MAT_ID,REL_TEM_NOTA) values ('1009','1061774','11334','1403','5');
Insert into HOMESCHOOL.TEMA_ESTUDIANTE (REL_TEMA_ID,EST_ID,TEM_ID,MAT_ID,REL_TEM_NOTA) values ('1010','1061775','11334','1403','5');
Insert into HOMESCHOOL.TEMA_ESTUDIANTE (REL_TEMA_ID,EST_ID,TEM_ID,MAT_ID,REL_TEM_NOTA) values ('1011','1061775','11334','1403','5');
Insert into HOMESCHOOL.TEMA_ESTUDIANTE (REL_TEMA_ID,EST_ID,TEM_ID,MAT_ID,REL_TEM_NOTA) values ('1012','1061776','11334','1403','5');
Insert into HOMESCHOOL.TEMA_ESTUDIANTE (REL_TEMA_ID,EST_ID,TEM_ID,MAT_ID,REL_TEM_NOTA) values ('1013','1061776','11335','1404','4');
Insert into HOMESCHOOL.TEMA_ESTUDIANTE (REL_TEMA_ID,EST_ID,TEM_ID,MAT_ID,REL_TEM_NOTA) values ('1014','1061776','11338','1403','4');

Insert into HOMESCHOOL.TEMAS (TEM_ID,MAT_ID,TEM_NOMBRE,TEM_DESCRIPCION,TEM_FOTO,TEM_MATERIAL_ARCHIVO,TEM_MATERIAL_VIDEO) values ('11335','1404','Abecedario','Aprenderemos las letras del abecedario',null,null,null);
Insert into HOMESCHOOL.TEMAS (TEM_ID,MAT_ID,TEM_NOMBRE,TEM_DESCRIPCION,TEM_FOTO,TEM_MATERIAL_ARCHIVO,TEM_MATERIAL_VIDEO) values ('11336','1405','Verbo tobe','Aprenderemos el verbo tobe',null,null,null);
Insert into HOMESCHOOL.TEMAS (TEM_ID,MAT_ID,TEM_NOMBRE,TEM_DESCRIPCION,TEM_FOTO,TEM_MATERIAL_ARCHIVO,TEM_MATERIAL_VIDEO) values ('11334','1403','Suma de conjuntos','Aprenderemos a sumar conjuntos',null,null,null);
Insert into HOMESCHOOL.TEMAS (TEM_ID,MAT_ID,TEM_NOMBRE,TEM_DESCRIPCION,TEM_FOTO,TEM_MATERIAL_ARCHIVO,TEM_MATERIAL_VIDEO) values ('11337','1403','Sumas de fraccionarios','Aprenderemos  a sumar fraccionarios',null,null,null);
Insert into HOMESCHOOL.TEMAS (TEM_ID,MAT_ID,TEM_NOMBRE,TEM_DESCRIPCION,TEM_FOTO,TEM_MATERIAL_ARCHIVO,TEM_MATERIAL_VIDEO) values ('11338','1403','Resta de fraccionarios','Aprenderemos a restar fraccionarios',null,null,null);
Insert into HOMESCHOOL.TEMAS (TEM_ID,MAT_ID,TEM_NOMBRE,TEM_DESCRIPCION,TEM_FOTO,TEM_MATERIAL_ARCHIVO,TEM_MATERIAL_VIDEO) values ('11339','1404','Las vocales','Hoy aprenderemos las vocales',null,null,null);
